Name: CCTV-1, URL: https://iptv.catvod.com/live.php?id=CCTV1&line=9, From: subscribe, IPv_Type: ipv4, Location: 美国-加利福尼亚州-洛杉矶, ISP: IT7网络, Date: None, Delay: 49 ms, Speed: 24.71 M/s, Resolution: 1920x1080
Name: CCTV-1, URL: http://23.237.228.134/live5/CCTV1.m3u8, From: subscribe, IPv_Type: ipv4, Location: 北美地区, ISP: , Date: None, Delay: 109 ms, Speed: 21.63 M/s, Resolution: 1920x1080
Name: CCTV-1, URL: https://iptv.catvod.com/live.php?id=CCTV1&line=10, From: subscribe, IPv_Type: ipv4, Location: 美国-加利福尼亚州-洛杉矶, ISP: IT7网络, Date: None, Delay: 83 ms, Speed: 16.44 M/s, Resolution: 1920x1080
Name: CCTV-1, URL: https://iptv.catvod.com/live.php?id=CCTV1&line=17, From: subscribe, IPv_Type: ipv4, Location: 美国-加利福尼亚州-洛杉矶, ISP: IT7网络, Date: None, Delay: 65 ms, Speed: 14.18 M/s, Resolution: 1920x1080
Name: CCTV-1, URL: https://iptv.catvod.com/live.php?id=CCTV1&line=18, From: subscribe, IPv_Type: ipv4, Location: 美国-加利福尼亚州-洛杉矶, ISP: IT7网络, Date: None, Delay: 102 ms, Speed: 11.01 M/s, Resolution: 1920x1080
Name: CCTV-1, URL: https://iptv.catvod.com/live.php?id=CCTV1&line=3, From: subscribe, IPv_Type: ipv4, Location: 美国-加利福尼亚州-洛杉矶, ISP: IT7网络, Date: None, Delay: 129 ms, Speed: 9.89 M/s, Resolution: 1920x1080
Name: CCTV-1, URL: https://iptv.catvod.com/live.php?id=CCTV1&line=12, From: subscribe, IPv_Type: ipv4, Location: 美国-加利福尼亚州-洛杉矶, ISP: IT7网络, Date: None, Delay: 123 ms, Speed: 8.78 M/s, Resolution: 1920x1080
Name: CCTV-1, URL: https://iptv.catvod.com/live.php?id=CCTV1&line=16, From: subscribe, IPv_Type: ipv4, Location: 美国-加利福尼亚州-洛杉矶, ISP: IT7网络, Date: None, Delay: 136 ms, Speed: 8.56 M/s, Resolution: 1920x1080
Name: CCTV-1, URL: https://iptv.catvod.com/live.php?id=CCTV1&line=5, From: subscribe, IPv_Type: ipv4, Location: 美国-加利福尼亚州-洛杉矶, ISP: IT7网络, Date: None, Delay: 161 ms, Speed: 8.44 M/s, Resolution: 1920x1080
Name: CCTV-1, URL: https://iptv.catvod.com/live.php?id=CCTV1&line=15, From: subscribe, IPv_Type: ipv4, Location: 美国-加利福尼亚州-洛杉矶, ISP: IT7网络, Date: None, Delay: 149 ms, Speed: 8.04 M/s, Resolution: 1920x1080
Name: CCTV-1, URL: https://iptv.catvod.com/live.php?id=CCTV1&line=19, From: subscribe, IPv_Type: ipv4, Location: 美国-加利福尼亚州-洛杉矶, ISP: IT7网络, Date: None, Delay: 277 ms, Speed: 7.93 M/s, Resolution: 1920x1080
Name: CCTV-1, URL: https://iptv.catvod.com/live.php?id=CCTV1&line=11, From: subscribe, IPv_Type: ipv4, Location: 美国-加利福尼亚州-洛杉矶, ISP: IT7网络, Date: None, Delay: 161 ms, Speed: 7.90 M/s, Resolution: 1920x1080
Name: CCTV-1, URL: https://iptv.catvod.com/live.php?id=CCTV1&line=14, From: subscribe, IPv_Type: ipv4, Location: 美国-加利福尼亚州-洛杉矶, ISP: IT7网络, Date: None, Delay: 144 ms, Speed: 7.51 M/s, Resolution: 1920x1080
Name: CCTV-1, URL: https://iptv.catvod.com/live.php?id=CCTV1&line=13, From: subscribe, IPv_Type: ipv4, Location: 美国-加利福尼亚州-洛杉矶, ISP: IT7网络, Date: None, Delay: 143 ms, Speed: 7.48 M/s, Resolution: 1920x1080
Name: CCTV-1, URL: https://iptv.catvod.com/live.php?id=CCTV1&line=8, From: subscribe, IPv_Type: ipv4, Location: 美国-加利福尼亚州-洛杉矶, ISP: IT7网络, Date: None, Delay: 175 ms, Speed: 6.91 M/s, Resolution: 1920x1080
Name: CCTV-1, URL: https://iptv.catvod.com/live.php?id=CCTV1&line=6, From: subscribe, IPv_Type: ipv4, Location: 美国-加利福尼亚州-洛杉矶, ISP: IT7网络, Date: None, Delay: 168 ms, Speed: 6.82 M/s, Resolution: 1920x1080
Name: CCTV-1, URL: https://iptv.catvod.com/live.php?id=CCTV1&line=7, From: subscribe, IPv_Type: ipv4, Location: 美国-加利福尼亚州-洛杉矶, ISP: IT7网络, Date: None, Delay: 164 ms, Speed: 6.51 M/s, Resolution: 1920x1080
Name: CCTV-1, URL: https://iptv.catvod.com/live.php?id=CCTV1&line=1, From: subscribe, IPv_Type: ipv4, Location: 美国-加利福尼亚州-洛杉矶, ISP: IT7网络, Date: None, Delay: 173 ms, Speed: 6.28 M/s, Resolution: 1920x1080
Name: CCTV-1, URL: https://iptv.catvod.com/live.php?id=CCTV1&line=4, From: subscribe, IPv_Type: ipv4, Location: 美国-加利福尼亚州-洛杉矶, ISP: IT7网络, Date: None, Delay: 173 ms, Speed: 6.19 M/s, Resolution: 1920x1080
Name: CCTV-1, URL: https://iptv.catvod.com/live.php?id=CCTV1&line=2, From: subscribe, IPv_Type: ipv4, Location: 美国-加利福尼亚州-洛杉矶, ISP: IT7网络, Date: None, Delay: 294 ms, Speed: 5.62 M/s, Resolution: 1920x1080
Name: CCTV-1, URL: http://38.75.136.137:98/gslb/dsdqbv/cctv1hd.m3u8?auth=test20251009, From: subscribe, IPv_Type: ipv4, Location: 美国-伊利诺伊州-库克, ISP: Cogent, Date: None, Delay: 1208 ms, Speed: 3.99 M/s, Resolution: 1920x1080
Name: CCTV-2, URL: https://iptv.catvod.com/live.php?id=CCTV2&line=12, From: subscribe, IPv_Type: ipv4, Location: 美国-加利福尼亚州-洛杉矶, ISP: IT7网络, Date: None, Delay: 25 ms, Speed: 47.00 M/s, Resolution: 1920x1080
Name: CCTV-2, URL: https://iptv.catvod.com/live.php?id=CCTV2&line=11, From: subscribe, IPv_Type: ipv4, Location: 美国-加利福尼亚州-洛杉矶, ISP: IT7网络, Date: None, Delay: 32 ms, Speed: 34.27 M/s, Resolution: 1920x1080
Name: CCTV-2, URL: https://iptv.catvod.com/live.php?id=CCTV2&line=6, From: subscribe, IPv_Type: ipv4, Location: 美国-加利福尼亚州-洛杉矶, ISP: IT7网络, Date: None, Delay: 46 ms, Speed: 27.55 M/s, Resolution: 1920x1080
Name: CCTV-2, URL: http://23.237.228.134/live5/CCTV2.m3u8, From: subscribe, IPv_Type: ipv4, Location: 北美地区, ISP: , Date: None, Delay: 100 ms, Speed: 26.14 M/s, Resolution: 1920x1080
Name: CCTV-2, URL: https://iptv.catvod.com/live.php?id=CCTV2&line=4, From: subscribe, IPv_Type: ipv4, Location: 美国-加利福尼亚州-洛杉矶, ISP: IT7网络, Date: None, Delay: 59 ms, Speed: 21.61 M/s, Resolution: 1920x1080
Name: CCTV-2, URL: https://iptv.catvod.com/live.php?id=CCTV2&line=2, From: subscribe, IPv_Type: ipv4, Location: 美国-加利福尼亚州-洛杉矶, ISP: IT7网络, Date: None, Delay: 60 ms, Speed: 17.90 M/s, Resolution: 1920x1080
Name: CCTV-2, URL: https://iptv.catvod.com/live.php?id=CCTV2&line=10, From: subscribe, IPv_Type: ipv4, Location: 美国-加利福尼亚州-洛杉矶, ISP: IT7网络, Date: None, Delay: 60 ms, Speed: 16.48 M/s, Resolution: 1920x1080
Name: CCTV-2, URL: https://iptv.catvod.com/live.php?id=CCTV2&line=5, From: subscribe, IPv_Type: ipv4, Location: 美国-加利福尼亚州-洛杉矶, ISP: IT7网络, Date: None, Delay: 67 ms, Speed: 15.33 M/s, Resolution: 1920x1080
Name: CCTV-2, URL: https://iptv.catvod.com/live.php?id=CCTV2&line=7, From: subscribe, IPv_Type: ipv4, Location: 美国-加利福尼亚州-洛杉矶, ISP: IT7网络, Date: None, Delay: 113 ms, Speed: 15.09 M/s, Resolution: 1920x1080
Name: CCTV-2, URL: https://iptv.catvod.com/live.php?id=CCTV2&line=8, From: subscribe, IPv_Type: ipv4, Location: 美国-加利福尼亚州-洛杉矶, ISP: IT7网络, Date: None, Delay: 107 ms, Speed: 14.59 M/s, Resolution: 1920x1080
Name: CCTV-2, URL: https://iptv.catvod.com/live.php?id=CCTV2&line=3, From: subscribe, IPv_Type: ipv4, Location: 美国-加利福尼亚州-洛杉矶, ISP: IT7网络, Date: None, Delay: 70 ms, Speed: 14.03 M/s, Resolution: 1920x1080
Name: CCTV-2, URL: https://iptv.catvod.com/live.php?id=CCTV2&line=9, From: subscribe, IPv_Type: ipv4, Location: 美国-加利福尼亚州-洛杉矶, ISP: IT7网络, Date: None, Delay: 73 ms, Speed: 13.78 M/s, Resolution: 1920x1080
Name: CCTV-2, URL: http://38.75.136.137:98/gslb/dsdqbv/cctv2hd.m3u8?auth=test20251009, From: subscribe, IPv_Type: ipv4, Location: 美国-伊利诺伊州-库克, ISP: Cogent, Date: None, Delay: 871 ms, Speed: 8.02 M/s, Resolution: 1920x1080
Name: CCTV-2, URL: https://iptv.catvod.com/live.php?id=CCTV2&line=1, From: subscribe, IPv_Type: ipv4, Location: 美国-加利福尼亚州-洛杉矶, ISP: IT7网络, Date: None, Delay: 336 ms, Speed: 7.83 M/s, Resolution: 1920x1080
Name: CCTV-2, URL: http://pull-hls-f11.douyincdn.com/media/stream-407062262674621100.m3u8?arch_hrchy=w1&exp_hrchy=w1&expire=1771372284&major_anchor_level=common&sign=6f90250717a66a61060dfac48f5152de&t_id=037-20260211075123D0C67CD1A4FC77163F38-si39gG, From: subscribe, IPv_Type: ipv6, Location: 中国, ISP: 中国联通, Date: None, Delay: 1272 ms, Speed: 0.94 M/s, Resolution: 1920x1080
Name: CCTV-3, URL: https://iptv.catvod.com/live.php?id=CCTV3&line=7, From: subscribe, IPv_Type: ipv4, Location: 美国-加利福尼亚州-洛杉矶, ISP: IT7网络, Date: None, Delay: 30 ms, Speed: 34.11 M/s, Resolution: 1920x1080
Name: CCTV-3, URL: https://iptv.catvod.com/live.php?id=CCTV3&line=6, From: subscribe, IPv_Type: ipv4, Location: 美国-加利福尼亚州-洛杉矶, ISP: IT7网络, Date: None, Delay: 30 ms, Speed: 32.91 M/s, Resolution: 1920x1080
Name: CCTV-3, URL: https://iptv.catvod.com/live.php?id=CCTV3&line=3, From: subscribe, IPv_Type: ipv4, Location: 美国-加利福尼亚州-洛杉矶, ISP: IT7网络, Date: None, Delay: 34 ms, Speed: 31.40 M/s, Resolution: 1920x1080
Name: CCTV-3, URL: https://iptv.catvod.com/live.php?id=CCTV3&line=5, From: subscribe, IPv_Type: ipv4, Location: 美国-加利福尼亚州-洛杉矶, ISP: IT7网络, Date: None, Delay: 41 ms, Speed: 29.20 M/s, Resolution: 1920x1080
Name: CCTV-3, URL: https://iptv.catvod.com/live.php?id=CCTV3&line=1, From: subscribe, IPv_Type: ipv4, Location: 美国-加利福尼亚州-洛杉矶, ISP: IT7网络, Date: None, Delay: 39 ms, Speed: 28.99 M/s, Resolution: 1920x1080
Name: CCTV-3, URL: https://iptv.catvod.com/live.php?id=CCTV3&line=4, From: subscribe, IPv_Type: ipv4, Location: 美国-加利福尼亚州-洛杉矶, ISP: IT7网络, Date: None, Delay: 65 ms, Speed: 24.81 M/s, Resolution: 1920x1080
Name: CCTV-3, URL: https://iptv.catvod.com/live.php?id=CCTV3&line=2, From: subscribe, IPv_Type: ipv4, Location: 美国-加利福尼亚州-洛杉矶, ISP: IT7网络, Date: None, Delay: 64 ms, Speed: 21.23 M/s, Resolution: 1920x1080
Name: CCTV-3, URL: http://38.75.136.137:98/gslb/dsdqbv/cctv3hd.m3u8?auth=test20251009, From: subscribe, IPv_Type: ipv4, Location: 美国-伊利诺伊州-库克, ISP: Cogent, Date: None, Delay: 983 ms, Speed: 4.71 M/s, Resolution: 1920x1080
Name: CCTV-3, URL: http://23.237.228.134/live5/CCTV3.m3u8, From: subscribe, IPv_Type: ipv4, Location: 北美地区, ISP: , Date: None, Delay: 1932 ms, Speed: 3.81 M/s, Resolution: 1920x1080
Name: CCTV-3, URL: http://74.91.26.218:82/live/cctv3hd.m3u8, From: subscribe, IPv_Type: ipv4, Location: 美国, ISP: , Date: None, Delay: 10930 ms, Speed: 0.30 M/s, Resolution: 1920x1080
Name: CCTV-3, URL: http://38.75.136.137:98/gslb/dsdqpub/cctv3hd.m3u8?auth=testpub, From: subscribe, IPv_Type: ipv4, Location: 美国-伊利诺伊州-库克, ISP: Cogent, Date: None, Delay: 10937 ms, Speed: 0.09 M/s, Resolution: 1280x720
Name: CCTV-4, URL: https://iptv.catvod.com/live.php?id=CCTV4&line=1, From: subscribe, IPv_Type: ipv4, Location: 美国-加利福尼亚州-洛杉矶, ISP: IT7网络, Date: None, Delay: 28 ms, Speed: 40.81 M/s, Resolution: 1920x1080
Name: CCTV-4, URL: https://iptv.catvod.com/live.php?id=CCTV4&line=2, From: subscribe, IPv_Type: ipv4, Location: 美国-加利福尼亚州-洛杉矶, ISP: IT7网络, Date: None, Delay: 44 ms, Speed: 36.15 M/s, Resolution: 1920x1080
Name: CCTV-4, URL: https://iptv.catvod.com/live.php?id=CCTV4&line=4, From: subscribe, IPv_Type: ipv4, Location: 美国-加利福尼亚州-洛杉矶, ISP: IT7网络, Date: None, Delay: 32 ms, Speed: 29.28 M/s, Resolution: 1920x1080
Name: CCTV-4, URL: https://iptv.catvod.com/live.php?id=CCTV4&line=13, From: subscribe, IPv_Type: ipv4, Location: 美国-加利福尼亚州-洛杉矶, ISP: IT7网络, Date: None, Delay: 50 ms, Speed: 25.59 M/s, Resolution: 1920x1080
Name: CCTV-4, URL: https://iptv.catvod.com/live.php?id=CCTV4&line=12, From: subscribe, IPv_Type: ipv4, Location: 美国-加利福尼亚州-洛杉矶, ISP: IT7网络, Date: None, Delay: 59 ms, Speed: 21.60 M/s, Resolution: 1920x1080
Name: CCTV-4, URL: https://iptv.catvod.com/live.php?id=CCTV4&line=6, From: subscribe, IPv_Type: ipv4, Location: 美国-加利福尼亚州-洛杉矶, ISP: IT7网络, Date: None, Delay: 77 ms, Speed: 20.45 M/s, Resolution: 1920x1080
Name: CCTV-4, URL: https://iptv.catvod.com/live.php?id=CCTV4&line=16, From: subscribe, IPv_Type: ipv4, Location: 美国-加利福尼亚州-洛杉矶, ISP: IT7网络, Date: None, Delay: 56 ms, Speed: 20.35 M/s, Resolution: 1920x1080
Name: CCTV-4, URL: https://iptv.catvod.com/live.php?id=CCTV4&line=3, From: subscribe, IPv_Type: ipv4, Location: 美国-加利福尼亚州-洛杉矶, ISP: IT7网络, Date: None, Delay: 121 ms, Speed: 17.56 M/s, Resolution: 1920x1080
Name: CCTV-4, URL: https://iptv.catvod.com/live.php?id=CCTV4&line=14, From: subscribe, IPv_Type: ipv4, Location: 美国-加利福尼亚州-洛杉矶, ISP: IT7网络, Date: None, Delay: 69 ms, Speed: 17.26 M/s, Resolution: 1920x1080
Name: CCTV-4, URL: https://iptv.catvod.com/live.php?id=CCTV4&line=15, From: subscribe, IPv_Type: ipv4, Location: 美国-加利福尼亚州-洛杉矶, ISP: IT7网络, Date: None, Delay: 72 ms, Speed: 15.76 M/s, Resolution: 1920x1080
Name: CCTV-4, URL: https://iptv.catvod.com/live.php?id=CCTV4&line=11, From: subscribe, IPv_Type: ipv4, Location: 美国-加利福尼亚州-洛杉矶, ISP: IT7网络, Date: None, Delay: 74 ms, Speed: 14.28 M/s, Resolution: 1920x1080
Name: CCTV-4, URL: https://iptv.catvod.com/live.php?id=CCTV4&line=9, From: subscribe, IPv_Type: ipv4, Location: 美国-加利福尼亚州-洛杉矶, ISP: IT7网络, Date: None, Delay: 85 ms, Speed: 13.77 M/s, Resolution: 1920x1080
Name: CCTV-4, URL: https://iptv.catvod.com/live.php?id=CCTV4&line=8, From: subscribe, IPv_Type: ipv4, Location: 美国-加利福尼亚州-洛杉矶, ISP: IT7网络, Date: None, Delay: 77 ms, Speed: 13.73 M/s, Resolution: 1920x1080
Name: CCTV-4, URL: https://iptv.catvod.com/live.php?id=CCTV4&line=7, From: subscribe, IPv_Type: ipv4, Location: 美国-加利福尼亚州-洛杉矶, ISP: IT7网络, Date: None, Delay: 71 ms, Speed: 13.63 M/s, Resolution: 1920x1080
Name: CCTV-4, URL: https://iptv.catvod.com/live.php?id=CCTV4&line=5, From: subscribe, IPv_Type: ipv4, Location: 美国-加利福尼亚州-洛杉矶, ISP: IT7网络, Date: None, Delay: 133 ms, Speed: 12.89 M/s, Resolution: 1920x1080
Name: CCTV-4, URL: https://iptv.catvod.com/live.php?id=CCTV4&line=10, From: subscribe, IPv_Type: ipv4, Location: 美国-加利福尼亚州-洛杉矶, ISP: IT7网络, Date: None, Delay: 82 ms, Speed: 11.87 M/s, Resolution: 1920x1080
Name: CCTV-4, URL: http://38.75.136.137:98/gslb/dsdqbv/cctv4hd.m3u8?auth=test20251009, From: subscribe, IPv_Type: ipv4, Location: 美国-伊利诺伊州-库克, ISP: Cogent, Date: None, Delay: 975 ms, Speed: 4.87 M/s, Resolution: 1920x1080
Name: CCTV-4, URL: http://38.75.136.137:98/gslb/dsdqpub/cctv4k.m3u8?auth=testpub, From: subscribe, IPv_Type: ipv4, Location: 美国-伊利诺伊州-库克, ISP: Cogent, Date: None, Delay: 490 ms, Speed: 4.47 M/s, Resolution: 1280x720
Name: CCTV-5, URL: https://iptv.catvod.com/live.php?id=CCTV5&line=1, From: subscribe, IPv_Type: ipv4, Location: 美国-加利福尼亚州-洛杉矶, ISP: IT7网络, Date: None, Delay: 50 ms, Speed: 32.92 M/s, Resolution: 1920x1080
Name: CCTV-5, URL: https://iptv.catvod.com/live.php?id=CCTV5&line=2, From: subscribe, IPv_Type: ipv4, Location: 美国-加利福尼亚州-洛杉矶, ISP: IT7网络, Date: None, Delay: 34 ms, Speed: 31.13 M/s, Resolution: 1920x1080
Name: CCTV-5, URL: https://iptv.catvod.com/live.php?id=CCTV5&line=5, From: subscribe, IPv_Type: ipv4, Location: 美国-加利福尼亚州-洛杉矶, ISP: IT7网络, Date: None, Delay: 40 ms, Speed: 23.67 M/s, Resolution: 1920x1080
Name: CCTV-5, URL: https://iptv.catvod.com/live.php?id=CCTV5&line=8, From: subscribe, IPv_Type: ipv4, Location: 美国-加利福尼亚州-洛杉矶, ISP: IT7网络, Date: None, Delay: 55 ms, Speed: 23.13 M/s, Resolution: 1920x1080
Name: CCTV-5, URL: https://iptv.catvod.com/live.php?id=CCTV5&line=3, From: subscribe, IPv_Type: ipv4, Location: 美国-加利福尼亚州-洛杉矶, ISP: IT7网络, Date: None, Delay: 52 ms, Speed: 22.14 M/s, Resolution: 1920x1080
Name: CCTV-5, URL: https://iptv.catvod.com/live.php?id=CCTV5&line=4, From: subscribe, IPv_Type: ipv4, Location: 美国-加利福尼亚州-洛杉矶, ISP: IT7网络, Date: None, Delay: 58 ms, Speed: 20.47 M/s, Resolution: 1920x1080
Name: CCTV-5, URL: https://iptv.catvod.com/live.php?id=CCTV5&line=10, From: subscribe, IPv_Type: ipv4, Location: 美国-加利福尼亚州-洛杉矶, ISP: IT7网络, Date: None, Delay: 53 ms, Speed: 19.25 M/s, Resolution: 1920x1080
Name: CCTV-5, URL: https://iptv.catvod.com/live.php?id=CCTV5&line=7, From: subscribe, IPv_Type: ipv4, Location: 美国-加利福尼亚州-洛杉矶, ISP: IT7网络, Date: None, Delay: 61 ms, Speed: 17.48 M/s, Resolution: 1920x1080
Name: CCTV-5, URL: https://iptv.catvod.com/live.php?id=CCTV5&line=6, From: subscribe, IPv_Type: ipv4, Location: 美国-加利福尼亚州-洛杉矶, ISP: IT7网络, Date: None, Delay: 64 ms, Speed: 16.98 M/s, Resolution: 1920x1080
Name: CCTV-5, URL: https://iptv.catvod.com/live.php?id=CCTV5&line=9, From: subscribe, IPv_Type: ipv4, Location: 美国-加利福尼亚州-洛杉矶, ISP: IT7网络, Date: None, Delay: 87 ms, Speed: 15.59 M/s, Resolution: 1920x1080
Name: CCTV-5, URL: https://iptv.catvod.com/live.php?id=CCTV5&line=12, From: subscribe, IPv_Type: ipv4, Location: 美国-加利福尼亚州-洛杉矶, ISP: IT7网络, Date: None, Delay: 66 ms, Speed: 15.57 M/s, Resolution: 1920x1080
Name: CCTV-5, URL: https://iptv.catvod.com/live.php?id=CCTV5&line=11, From: subscribe, IPv_Type: ipv4, Location: 美国-加利福尼亚州-洛杉矶, ISP: IT7网络, Date: None, Delay: 77 ms, Speed: 13.08 M/s, Resolution: 1920x1080
Name: CCTV-5, URL: http://38.75.136.137:98/gslb/dsdqbv/cctv5p.m3u8?auth=test20251009, From: subscribe, IPv_Type: ipv4, Location: 美国-伊利诺伊州-库克, ISP: Cogent, Date: None, Delay: 1014 ms, Speed: 4.63 M/s, Resolution: 1920x1080
Name: CCTV-5, URL: http://38.75.136.137:98/gslb/dsdqbv/cctv5hd.m3u8?auth=test20251009, From: subscribe, IPv_Type: ipv4, Location: 美国-伊利诺伊州-库克, ISP: Cogent, Date: None, Delay: 1329 ms, Speed: 4.04 M/s, Resolution: 1920x1080
Name: CCTV-5, URL: http://74.91.26.218:82/live/cctv5hd.m3u8, From: subscribe, IPv_Type: ipv4, Location: 美国, ISP: , Date: None, Delay: 10552 ms, Speed: 0.24 M/s, Resolution: 1920x1080
Name: CCTV-5+, URL: https://iptv.catvod.com/live.php?id=CCTV5%2B&line=1, From: subscribe, IPv_Type: ipv4, Location: 美国-加利福尼亚州-洛杉矶, ISP: IT7网络, Date: None, Delay: 29 ms, Speed: 40.70 M/s, Resolution: 1920x1080
Name: CCTV-5+, URL: https://iptv.catvod.com/live.php?id=CCTV-5%2B, From: subscribe, IPv_Type: ipv4, Location: 美国-加利福尼亚州-洛杉矶, ISP: IT7网络, Date: None, Delay: 27 ms, Speed: 37.05 M/s, Resolution: 1920x1080
Name: CCTV-5+, URL: https://iptv.catvod.com/live.php?id=CCTV5%2B&line=3, From: subscribe, IPv_Type: ipv4, Location: 美国-加利福尼亚州-洛杉矶, ISP: IT7网络, Date: None, Delay: 32 ms, Speed: 36.53 M/s, Resolution: 1920x1080
Name: CCTV-5+, URL: https://iptv.catvod.com/live.php?id=CCTV5%2B&line=2, From: subscribe, IPv_Type: ipv4, Location: 美国-加利福尼亚州-洛杉矶, ISP: IT7网络, Date: None, Delay: 60 ms, Speed: 27.85 M/s, Resolution: 1920x1080
Name: CCTV-6, URL: https://iptv.catvod.com/live.php?id=CCTV6&line=3, From: subscribe, IPv_Type: ipv4, Location: 美国-加利福尼亚州-洛杉矶, ISP: IT7网络, Date: None, Delay: 27 ms, Speed: 39.86 M/s, Resolution: 1920x1080
Name: CCTV-6, URL: https://iptv.catvod.com/live.php?id=CCTV6&line=4, From: subscribe, IPv_Type: ipv4, Location: 美国-加利福尼亚州-洛杉矶, ISP: IT7网络, Date: None, Delay: 33 ms, Speed: 37.65 M/s, Resolution: 1920x1080
Name: CCTV-6, URL: https://iptv.catvod.com/live.php?id=CCTV6&line=2, From: subscribe, IPv_Type: ipv4, Location: 美国-加利福尼亚州-洛杉矶, ISP: IT7网络, Date: None, Delay: 38 ms, Speed: 35.75 M/s, Resolution: 1920x1080
Name: CCTV-6, URL: https://iptv.catvod.com/live.php?id=CCTV6&line=6, From: subscribe, IPv_Type: ipv4, Location: 美国-加利福尼亚州-洛杉矶, ISP: IT7网络, Date: None, Delay: 35 ms, Speed: 33.27 M/s, Resolution: 1920x1080
Name: CCTV-6, URL: https://iptv.catvod.com/live.php?id=CCTV6&line=1, From: subscribe, IPv_Type: ipv4, Location: 美国-加利福尼亚州-洛杉矶, ISP: IT7网络, Date: None, Delay: 31 ms, Speed: 32.46 M/s, Resolution: 1920x1080
Name: CCTV-6, URL: https://iptv.catvod.com/live.php?id=CCTV6&line=5, From: subscribe, IPv_Type: ipv4, Location: 美国-加利福尼亚州-洛杉矶, ISP: IT7网络, Date: None, Delay: 34 ms, Speed: 31.81 M/s, Resolution: 1920x1080
Name: CCTV-6, URL: https://iptv.catvod.com/live.php?id=CCTV6&line=12, From: subscribe, IPv_Type: ipv4, Location: 美国-加利福尼亚州-洛杉矶, ISP: IT7网络, Date: None, Delay: 41 ms, Speed: 26.52 M/s, Resolution: 1920x1080
Name: CCTV-6, URL: https://iptv.catvod.com/live.php?id=CCTV6&line=7, From: subscribe, IPv_Type: ipv4, Location: 美国-加利福尼亚州-洛杉矶, ISP: IT7网络, Date: None, Delay: 47 ms, Speed: 25.04 M/s, Resolution: 1920x1080
Name: CCTV-6, URL: https://iptv.catvod.com/live.php?id=CCTV6&line=11, From: subscribe, IPv_Type: ipv4, Location: 美国-加利福尼亚州-洛杉矶, ISP: IT7网络, Date: None, Delay: 67 ms, Speed: 24.75 M/s, Resolution: 1920x1080
Name: CCTV-6, URL: https://iptv.catvod.com/live.php?id=CCTV6&line=9, From: subscribe, IPv_Type: ipv4, Location: 美国-加利福尼亚州-洛杉矶, ISP: IT7网络, Date: None, Delay: 60 ms, Speed: 19.82 M/s, Resolution: 1920x1080
Name: CCTV-6, URL: https://iptv.catvod.com/live.php?id=CCTV6&line=13, From: subscribe, IPv_Type: ipv4, Location: 美国-加利福尼亚州-洛杉矶, ISP: IT7网络, Date: None, Delay: 52 ms, Speed: 18.62 M/s, Resolution: 1920x1080
Name: CCTV-6, URL: https://iptv.catvod.com/live.php?id=CCTV6&line=8, From: subscribe, IPv_Type: ipv4, Location: 美国-加利福尼亚州-洛杉矶, ISP: IT7网络, Date: None, Delay: 71 ms, Speed: 17.57 M/s, Resolution: 1920x1080
Name: CCTV-6, URL: http://8.218.84.3:8885/live/NlAhgdR475_p9pHeKE1G1rILoVl18Qqe36jUsiWqY5S26LQzNA-82o0LSiNo13OG9MQfIVJdLbCelYXFqHOIIJGzRtNd7MonUOtJiBntUWrVpzV97ZSX6hGQuqFxCOOlzQQP6ALvU_yFYjFww57f08n0XAjjNoVW2EWpmokYbzcn6vvJxJKo5lMsMXCQlRk3-ClBlyY1npnpJV962sB4CqQiBynJwfdG_4h_jbj6xPZV6eZNKU_VgkcpRUj-3Yc2ojxBYtC-DyWpEHCbnSmSNQ.m3u8?u=1757123819, From: subscribe, IPv_Type: ipv4, Location: 中国-香港, ISP: 阿里云, Date: None, Delay: 349 ms, Speed: 17.33 M/s, Resolution: 1280x720
Name: CCTV-6, URL: https://iptv.catvod.com/live.php?id=CCTV6&line=10, From: subscribe, IPv_Type: ipv4, Location: 美国-加利福尼亚州-洛杉矶, ISP: IT7网络, Date: None, Delay: 64 ms, Speed: 17.02 M/s, Resolution: 1920x1080
Name: CCTV-6, URL: http://38.75.136.137:98/gslb/dsdqbv/cctv6hd.m3u8?auth=test20251009, From: subscribe, IPv_Type: ipv4, Location: 美国-伊利诺伊州-库克, ISP: Cogent, Date: None, Delay: 910 ms, Speed: 4.51 M/s, Resolution: 1920x1080
Name: CCTV-6, URL: http://74.91.26.218:82/live/cctv6hd.m3u8, From: subscribe, IPv_Type: ipv4, Location: 美国, ISP: , Date: None, Delay: 10246 ms, Speed: 0.28 M/s, Resolution: 1920x1080
Name: CCTV-7, URL: https://iptv.catvod.com/live.php?id=CCTV7&line=1, From: subscribe, IPv_Type: ipv4, Location: 美国-加利福尼亚州-洛杉矶, ISP: IT7网络, Date: None, Delay: 29 ms, Speed: 42.26 M/s, Resolution: 1920x1080
Name: CCTV-7, URL: https://iptv.catvod.com/live.php?id=CCTV7&line=2, From: subscribe, IPv_Type: ipv4, Location: 美国-加利福尼亚州-洛杉矶, ISP: IT7网络, Date: None, Delay: 27 ms, Speed: 40.24 M/s, Resolution: 1920x1080
Name: CCTV-7, URL: https://iptv.catvod.com/live.php?id=CCTV7&line=4, From: subscribe, IPv_Type: ipv4, Location: 美国-加利福尼亚州-洛杉矶, ISP: IT7网络, Date: None, Delay: 30 ms, Speed: 39.07 M/s, Resolution: 1920x1080
Name: CCTV-7, URL: https://iptv.catvod.com/live.php?id=CCTV7&line=9, From: subscribe, IPv_Type: ipv4, Location: 美国-加利福尼亚州-洛杉矶, ISP: IT7网络, Date: None, Delay: 33 ms, Speed: 33.61 M/s, Resolution: 1920x1080
Name: CCTV-7, URL: https://iptv.catvod.com/live.php?id=CCTV7&line=5, From: subscribe, IPv_Type: ipv4, Location: 美国-加利福尼亚州-洛杉矶, ISP: IT7网络, Date: None, Delay: 33 ms, Speed: 29.01 M/s, Resolution: 1920x1080
Name: CCTV-7, URL: https://iptv.catvod.com/live.php?id=CCTV7&line=3, From: subscribe, IPv_Type: ipv4, Location: 美国-加利福尼亚州-洛杉矶, ISP: IT7网络, Date: None, Delay: 39 ms, Speed: 27.72 M/s, Resolution: 1920x1080
Name: CCTV-7, URL: https://iptv.catvod.com/live.php?id=CCTV7&line=7, From: subscribe, IPv_Type: ipv4, Location: 美国-加利福尼亚州-洛杉矶, ISP: IT7网络, Date: None, Delay: 45 ms, Speed: 23.46 M/s, Resolution: 1920x1080
Name: CCTV-7, URL: https://iptv.catvod.com/live.php?id=CCTV7&line=8, From: subscribe, IPv_Type: ipv4, Location: 美国-加利福尼亚州-洛杉矶, ISP: IT7网络, Date: None, Delay: 70 ms, Speed: 20.73 M/s, Resolution: 1920x1080
Name: CCTV-7, URL: http://23.237.228.134/live5/CCTV7.m3u8, From: subscribe, IPv_Type: ipv4, Location: 北美地区, ISP: , Date: None, Delay: 114 ms, Speed: 20.28 M/s, Resolution: 1920x1080
Name: CCTV-7, URL: https://iptv.catvod.com/live.php?id=CCTV7&line=6, From: subscribe, IPv_Type: ipv4, Location: 美国-加利福尼亚州-洛杉矶, ISP: IT7网络, Date: None, Delay: 82 ms, Speed: 18.07 M/s, Resolution: 1920x1080
Name: CCTV-7, URL: http://38.75.136.137:98/gslb/dsdqbv/cctv7hd.m3u8?auth=test20251009, From: subscribe, IPv_Type: ipv4, Location: 美国-伊利诺伊州-库克, ISP: Cogent, Date: None, Delay: 865 ms, Speed: 4.87 M/s, Resolution: 1920x1080
Name: CCTV-7, URL: http://74.91.26.218:82/live/cctv7hd.m3u8, From: subscribe, IPv_Type: ipv4, Location: 美国, ISP: , Date: None, Delay: 10204 ms, Speed: 0.24 M/s, Resolution: 1920x1080
Name: CCTV-8, URL: https://iptv.catvod.com/live.php?id=CCTV8&line=8, From: subscribe, IPv_Type: ipv4, Location: 美国-加利福尼亚州-洛杉矶, ISP: IT7网络, Date: None, Delay: 30 ms, Speed: 37.44 M/s, Resolution: 1920x1080
Name: CCTV-8, URL: https://iptv.catvod.com/live.php?id=CCTV8&line=10, From: subscribe, IPv_Type: ipv4, Location: 美国-加利福尼亚州-洛杉矶, ISP: IT7网络, Date: None, Delay: 30 ms, Speed: 37.06 M/s, Resolution: 1920x1080
Name: CCTV-8, URL: https://iptv.catvod.com/live.php?id=CCTV8&line=15, From: subscribe, IPv_Type: ipv4, Location: 美国-加利福尼亚州-洛杉矶, ISP: IT7网络, Date: None, Delay: 28 ms, Speed: 36.67 M/s, Resolution: 1920x1080
Name: CCTV-8, URL: https://iptv.catvod.com/live.php?id=CCTV8&line=7, From: subscribe, IPv_Type: ipv4, Location: 美国-加利福尼亚州-洛杉矶, ISP: IT7网络, Date: None, Delay: 31 ms, Speed: 36.53 M/s, Resolution: 1920x1080
Name: CCTV-8, URL: https://iptv.catvod.com/live.php?id=CCTV8&line=11, From: subscribe, IPv_Type: ipv4, Location: 美国-加利福尼亚州-洛杉矶, ISP: IT7网络, Date: None, Delay: 40 ms, Speed: 33.20 M/s, Resolution: 1920x1080
Name: CCTV-8, URL: https://iptv.catvod.com/live.php?id=CCTV8&line=9, From: subscribe, IPv_Type: ipv4, Location: 美国-加利福尼亚州-洛杉矶, ISP: IT7网络, Date: None, Delay: 32 ms, Speed: 31.13 M/s, Resolution: 1920x1080
Name: CCTV-8, URL: https://iptv.catvod.com/live.php?id=CCTV8&line=14, From: subscribe, IPv_Type: ipv4, Location: 美国-加利福尼亚州-洛杉矶, ISP: IT7网络, Date: None, Delay: 39 ms, Speed: 28.71 M/s, Resolution: 1920x1080
Name: CCTV-8, URL: https://iptv.catvod.com/live.php?id=CCTV8&line=12, From: subscribe, IPv_Type: ipv4, Location: 美国-加利福尼亚州-洛杉矶, ISP: IT7网络, Date: None, Delay: 41 ms, Speed: 28.24 M/s, Resolution: 1920x1080
Name: CCTV-8, URL: https://iptv.catvod.com/live.php?id=CCTV8&line=6, From: subscribe, IPv_Type: ipv4, Location: 美国-加利福尼亚州-洛杉矶, ISP: IT7网络, Date: None, Delay: 43 ms, Speed: 26.28 M/s, Resolution: 1920x1080
Name: CCTV-8, URL: https://iptv.catvod.com/live.php?id=CCTV8&line=1, From: subscribe, IPv_Type: ipv4, Location: 美国-加利福尼亚州-洛杉矶, ISP: IT7网络, Date: None, Delay: 51 ms, Speed: 21.36 M/s, Resolution: 1920x1080
Name: CCTV-8, URL: https://iptv.catvod.com/live.php?id=CCTV8&line=5, From: subscribe, IPv_Type: ipv4, Location: 美国-加利福尼亚州-洛杉矶, ISP: IT7网络, Date: None, Delay: 53 ms, Speed: 21.27 M/s, Resolution: 1920x1080
Name: CCTV-8, URL: https://iptv.catvod.com/live.php?id=CCTV8&line=2, From: subscribe, IPv_Type: ipv4, Location: 美国-加利福尼亚州-洛杉矶, ISP: IT7网络, Date: None, Delay: 50 ms, Speed: 20.64 M/s, Resolution: 1920x1080
Name: CCTV-8, URL: https://iptv.catvod.com/live.php?id=CCTV8&line=13, From: subscribe, IPv_Type: ipv4, Location: 美国-加利福尼亚州-洛杉矶, ISP: IT7网络, Date: None, Delay: 56 ms, Speed: 20.56 M/s, Resolution: 1920x1080
Name: CCTV-8, URL: https://iptv.catvod.com/live.php?id=CCTV8&line=4, From: subscribe, IPv_Type: ipv4, Location: 美国-加利福尼亚州-洛杉矶, ISP: IT7网络, Date: None, Delay: 51 ms, Speed: 20.56 M/s, Resolution: 1920x1080
Name: CCTV-8, URL: https://iptv.catvod.com/live.php?id=CCTV8&line=3, From: subscribe, IPv_Type: ipv4, Location: 美国-加利福尼亚州-洛杉矶, ISP: IT7网络, Date: None, Delay: 50 ms, Speed: 19.78 M/s, Resolution: 1920x1080
Name: CCTV-8, URL: http://38.75.136.137:98/gslb/dsdqpub/cctv8k.m3u8?auth=testpub, From: subscribe, IPv_Type: ipv4, Location: 美国-伊利诺伊州-库克, ISP: Cogent, Date: None, Delay: 1016 ms, Speed: 6.26 M/s, Resolution: 1920x1080
Name: CCTV-8, URL: http://38.75.136.137:98/gslb/dsdqbv/cctv8hd.m3u8?auth=test20251009, From: subscribe, IPv_Type: ipv4, Location: 美国-伊利诺伊州-库克, ISP: Cogent, Date: None, Delay: 847 ms, Speed: 5.48 M/s, Resolution: 1920x1080
Name: CCTV-9, URL: https://iptv.catvod.com/live.php?id=CCTV9&line=4, From: subscribe, IPv_Type: ipv4, Location: 美国-加利福尼亚州-洛杉矶, ISP: IT7网络, Date: None, Delay: 29 ms, Speed: 40.03 M/s, Resolution: 1920x1080
Name: CCTV-9, URL: https://iptv.catvod.com/live.php?id=CCTV9&line=1, From: subscribe, IPv_Type: ipv4, Location: 美国-加利福尼亚州-洛杉矶, ISP: IT7网络, Date: None, Delay: 28 ms, Speed: 39.95 M/s, Resolution: 1920x1080
Name: CCTV-9, URL: https://iptv.catvod.com/live.php?id=CCTV9&line=6, From: subscribe, IPv_Type: ipv4, Location: 美国-加利福尼亚州-洛杉矶, ISP: IT7网络, Date: None, Delay: 28 ms, Speed: 39.32 M/s, Resolution: 1920x1080
Name: CCTV-9, URL: https://iptv.catvod.com/live.php?id=CCTV9&line=7, From: subscribe, IPv_Type: ipv4, Location: 美国-加利福尼亚州-洛杉矶, ISP: IT7网络, Date: None, Delay: 29 ms, Speed: 37.51 M/s, Resolution: 1920x1080
Name: CCTV-9, URL: https://iptv.catvod.com/live.php?id=CCTV9&line=2, From: subscribe, IPv_Type: ipv4, Location: 美国-加利福尼亚州-洛杉矶, ISP: IT7网络, Date: None, Delay: 31 ms, Speed: 34.93 M/s, Resolution: 1920x1080
Name: CCTV-9, URL: https://iptv.catvod.com/live.php?id=CCTV9&line=3, From: subscribe, IPv_Type: ipv4, Location: 美国-加利福尼亚州-洛杉矶, ISP: IT7网络, Date: None, Delay: 30 ms, Speed: 34.30 M/s, Resolution: 1920x1080
Name: CCTV-9, URL: https://iptv.catvod.com/live.php?id=CCTV9&line=5, From: subscribe, IPv_Type: ipv4, Location: 美国-加利福尼亚州-洛杉矶, ISP: IT7网络, Date: None, Delay: 39 ms, Speed: 33.64 M/s, Resolution: 1920x1080
Name: CCTV-9, URL: http://38.75.136.137:98/gslb/dsdqbv/cctv9hd.m3u8?auth=test20251009, From: subscribe, IPv_Type: ipv4, Location: 美国-伊利诺伊州-库克, ISP: Cogent, Date: None, Delay: 1123 ms, Speed: 4.96 M/s, Resolution: 1920x1080
Name: CCTV-10, URL: https://iptv.catvod.com/live.php?id=CCTV10&line=3, From: subscribe, IPv_Type: ipv4, Location: 美国-加利福尼亚州-洛杉矶, ISP: IT7网络, Date: None, Delay: 28 ms, Speed: 43.19 M/s, Resolution: 1920x1080
Name: CCTV-10, URL: https://iptv.catvod.com/live.php?id=CCTV10&line=5, From: subscribe, IPv_Type: ipv4, Location: 美国-加利福尼亚州-洛杉矶, ISP: IT7网络, Date: None, Delay: 30 ms, Speed: 40.44 M/s, Resolution: 1920x1080
Name: CCTV-10, URL: https://iptv.catvod.com/live.php?id=CCTV10&line=4, From: subscribe, IPv_Type: ipv4, Location: 美国-加利福尼亚州-洛杉矶, ISP: IT7网络, Date: None, Delay: 29 ms, Speed: 39.93 M/s, Resolution: 1920x1080
Name: CCTV-10, URL: https://iptv.catvod.com/live.php?id=CCTV10&line=9, From: subscribe, IPv_Type: ipv4, Location: 美国-加利福尼亚州-洛杉矶, ISP: IT7网络, Date: None, Delay: 27 ms, Speed: 39.66 M/s, Resolution: 1920x1080
Name: CCTV-10, URL: https://iptv.catvod.com/live.php?id=CCTV10&line=1, From: subscribe, IPv_Type: ipv4, Location: 美国-加利福尼亚州-洛杉矶, ISP: IT7网络, Date: None, Delay: 26 ms, Speed: 38.30 M/s, Resolution: 1920x1080
Name: CCTV-10, URL: https://iptv.catvod.com/live.php?id=CCTV10&line=6, From: subscribe, IPv_Type: ipv4, Location: 美国-加利福尼亚州-洛杉矶, ISP: IT7网络, Date: None, Delay: 28 ms, Speed: 36.50 M/s, Resolution: 1920x1080
Name: CCTV-10, URL: https://iptv.catvod.com/live.php?id=CCTV10&line=2, From: subscribe, IPv_Type: ipv4, Location: 美国-加利福尼亚州-洛杉矶, ISP: IT7网络, Date: None, Delay: 28 ms, Speed: 35.52 M/s, Resolution: 1920x1080
Name: CCTV-10, URL: https://iptv.catvod.com/live.php?id=CCTV10&line=10, From: subscribe, IPv_Type: ipv4, Location: 美国-加利福尼亚州-洛杉矶, ISP: IT7网络, Date: None, Delay: 32 ms, Speed: 34.99 M/s, Resolution: 1920x1080
Name: CCTV-10, URL: https://iptv.catvod.com/live.php?id=CCTV10&line=8, From: subscribe, IPv_Type: ipv4, Location: 美国-加利福尼亚州-洛杉矶, ISP: IT7网络, Date: None, Delay: 32 ms, Speed: 33.07 M/s, Resolution: 1920x1080
Name: CCTV-10, URL: https://iptv.catvod.com/live.php?id=CCTV10&line=7, From: subscribe, IPv_Type: ipv4, Location: 美国-加利福尼亚州-洛杉矶, ISP: IT7网络, Date: None, Delay: 39 ms, Speed: 32.72 M/s, Resolution: 1920x1080
Name: CCTV-10, URL: http://38.75.136.137:98/gslb/dsdqbv/cctv10hd.m3u8?auth=test20251009, From: subscribe, IPv_Type: ipv4, Location: 美国-伊利诺伊州-库克, ISP: Cogent, Date: None, Delay: 1039 ms, Speed: 4.69 M/s, Resolution: 1920x1080
Name: CCTV-10, URL: http://38.75.136.137:98/gslb/dsdqpub/cctv10hd.m3u8?auth=testpub, From: subscribe, IPv_Type: ipv4, Location: 美国-伊利诺伊州-库克, ISP: Cogent, Date: None, Delay: 1005 ms, Speed: 1.70 M/s, Resolution: 1920x1080
Name: CCTV-10, URL: http://74.91.26.218:82/live/cctv10hd.m3u8, From: subscribe, IPv_Type: ipv4, Location: 美国, ISP: , Date: None, Delay: 10257 ms, Speed: 0.25 M/s, Resolution: 1920x1080
Name: CCTV-11, URL: https://iptv.catvod.com/live.php?id=CCTV11&line=1, From: subscribe, IPv_Type: ipv4, Location: 美国-加利福尼亚州-洛杉矶, ISP: IT7网络, Date: None, Delay: 28 ms, Speed: 44.61 M/s, Resolution: 1920x1080
Name: CCTV-11, URL: https://iptv.catvod.com/live.php?id=CCTV11&line=4, From: subscribe, IPv_Type: ipv4, Location: 美国-加利福尼亚州-洛杉矶, ISP: IT7网络, Date: None, Delay: 24 ms, Speed: 42.34 M/s, Resolution: 1920x1080
Name: CCTV-11, URL: https://iptv.catvod.com/live.php?id=CCTV11&line=2, From: subscribe, IPv_Type: ipv4, Location: 美国-加利福尼亚州-洛杉矶, ISP: IT7网络, Date: None, Delay: 29 ms, Speed: 39.42 M/s, Resolution: 1920x1080
Name: CCTV-11, URL: https://iptv.catvod.com/live.php?id=CCTV11&line=3, From: subscribe, IPv_Type: ipv4, Location: 美国-加利福尼亚州-洛杉矶, ISP: IT7网络, Date: None, Delay: 31 ms, Speed: 38.81 M/s, Resolution: 1920x1080
Name: CCTV-11, URL: https://iptv.catvod.com/live.php?id=CCTV11&line=5, From: subscribe, IPv_Type: ipv4, Location: 美国-加利福尼亚州-洛杉矶, ISP: IT7网络, Date: None, Delay: 27 ms, Speed: 38.02 M/s, Resolution: 1920x1080
Name: CCTV-11, URL: https://iptv.catvod.com/live.php?id=CCTV11&line=6, From: subscribe, IPv_Type: ipv4, Location: 美国-加利福尼亚州-洛杉矶, ISP: IT7网络, Date: None, Delay: 29 ms, Speed: 37.85 M/s, Resolution: 1920x1080
Name: CCTV-11, URL: https://iptv.catvod.com/live.php?id=CCTV11&line=7, From: subscribe, IPv_Type: ipv4, Location: 美国-加利福尼亚州-洛杉矶, ISP: IT7网络, Date: None, Delay: 33 ms, Speed: 33.33 M/s, Resolution: 1920x1080
Name: CCTV-11, URL: http://38.75.136.137:98/gslb/dsdqbv/cctv11hd.m3u8?auth=test20251009, From: subscribe, IPv_Type: ipv4, Location: 美国-伊利诺伊州-库克, ISP: Cogent, Date: None, Delay: 881 ms, Speed: 4.33 M/s, Resolution: 1920x1080
Name: CCTV-12, URL: https://iptv.catvod.com/live.php?id=CCTV12&line=2, From: subscribe, IPv_Type: ipv4, Location: 美国-加利福尼亚州-洛杉矶, ISP: IT7网络, Date: None, Delay: 30 ms, Speed: 43.18 M/s, Resolution: 1920x1080
Name: CCTV-12, URL: https://iptv.catvod.com/live.php?id=CCTV12&line=4, From: subscribe, IPv_Type: ipv4, Location: 美国-加利福尼亚州-洛杉矶, ISP: IT7网络, Date: None, Delay: 26 ms, Speed: 42.89 M/s, Resolution: 1920x1080
Name: CCTV-12, URL: https://iptv.catvod.com/live.php?id=CCTV12&line=1, From: subscribe, IPv_Type: ipv4, Location: 美国-加利福尼亚州-洛杉矶, ISP: IT7网络, Date: None, Delay: 27 ms, Speed: 40.49 M/s, Resolution: 1920x1080
Name: CCTV-12, URL: https://iptv.catvod.com/live.php?id=CCTV12&line=5, From: subscribe, IPv_Type: ipv4, Location: 美国-加利福尼亚州-洛杉矶, ISP: IT7网络, Date: None, Delay: 28 ms, Speed: 39.91 M/s, Resolution: 1920x1080
Name: CCTV-12, URL: https://iptv.catvod.com/live.php?id=CCTV12&line=3, From: subscribe, IPv_Type: ipv4, Location: 美国-加利福尼亚州-洛杉矶, ISP: IT7网络, Date: None, Delay: 27 ms, Speed: 39.75 M/s, Resolution: 1920x1080
Name: CCTV-12, URL: https://iptv.catvod.com/live.php?id=CCTV12&line=7, From: subscribe, IPv_Type: ipv4, Location: 美国-加利福尼亚州-洛杉矶, ISP: IT7网络, Date: None, Delay: 27 ms, Speed: 38.09 M/s, Resolution: 1920x1080
Name: CCTV-12, URL: https://iptv.catvod.com/live.php?id=CCTV12&line=6, From: subscribe, IPv_Type: ipv4, Location: 美国-加利福尼亚州-洛杉矶, ISP: IT7网络, Date: None, Delay: 30 ms, Speed: 34.24 M/s, Resolution: 1920x1080
Name: CCTV-12, URL: https://iptv.catvod.com/live.php?id=CCTV12&line=8, From: subscribe, IPv_Type: ipv4, Location: 美国-加利福尼亚州-洛杉矶, ISP: IT7网络, Date: None, Delay: 213 ms, Speed: 12.40 M/s, Resolution: 1920x1080
Name: CCTV-12, URL: http://38.75.136.137:98/gslb/dsdqbv/cctv12hd.m3u8?auth=test20251009, From: subscribe, IPv_Type: ipv4, Location: 美国-伊利诺伊州-库克, ISP: Cogent, Date: None, Delay: 1263 ms, Speed: 4.62 M/s, Resolution: 1920x1080
Name: CCTV-12, URL: http://74.91.26.218:82/live/cctv12hd.m3u8, From: subscribe, IPv_Type: ipv4, Location: 美国, ISP: , Date: None, Delay: 9169 ms, Speed: 0.47 M/s, Resolution: 1920x1080
Name: CCTV-13, URL: https://iptv.catvod.com/live.php?id=CCTV13&line=14, From: subscribe, IPv_Type: ipv4, Location: 美国-加利福尼亚州-洛杉矶, ISP: IT7网络, Date: None, Delay: 27 ms, Speed: 46.35 M/s, Resolution: 1920x1080
Name: CCTV-13, URL: https://iptv.catvod.com/live.php?id=CCTV13&line=4, From: subscribe, IPv_Type: ipv4, Location: 美国-加利福尼亚州-洛杉矶, ISP: IT7网络, Date: None, Delay: 26 ms, Speed: 44.47 M/s, Resolution: 1920x1080
Name: CCTV-13, URL: https://iptv.catvod.com/live.php?id=CCTV13&line=11, From: subscribe, IPv_Type: ipv4, Location: 美国-加利福尼亚州-洛杉矶, ISP: IT7网络, Date: None, Delay: 28 ms, Speed: 43.28 M/s, Resolution: 1920x1080
Name: CCTV-13, URL: https://iptv.catvod.com/live.php?id=CCTV13&line=9, From: subscribe, IPv_Type: ipv4, Location: 美国-加利福尼亚州-洛杉矶, ISP: IT7网络, Date: None, Delay: 27 ms, Speed: 42.29 M/s, Resolution: 1920x1080
Name: CCTV-13, URL: https://iptv.catvod.com/live.php?id=CCTV13&line=5, From: subscribe, IPv_Type: ipv4, Location: 美国-加利福尼亚州-洛杉矶, ISP: IT7网络, Date: None, Delay: 26 ms, Speed: 42.00 M/s, Resolution: 1920x1080
Name: CCTV-13, URL: https://iptv.catvod.com/live.php?id=CCTV13&line=12, From: subscribe, IPv_Type: ipv4, Location: 美国-加利福尼亚州-洛杉矶, ISP: IT7网络, Date: None, Delay: 30 ms, Speed: 41.77 M/s, Resolution: 1920x1080
Name: CCTV-13, URL: https://iptv.catvod.com/live.php?id=CCTV13&line=3, From: subscribe, IPv_Type: ipv4, Location: 美国-加利福尼亚州-洛杉矶, ISP: IT7网络, Date: None, Delay: 26 ms, Speed: 41.30 M/s, Resolution: 1920x1080
Name: CCTV-13, URL: https://iptv.catvod.com/live.php?id=CCTV13&line=13, From: subscribe, IPv_Type: ipv4, Location: 美国-加利福尼亚州-洛杉矶, ISP: IT7网络, Date: None, Delay: 25 ms, Speed: 41.13 M/s, Resolution: 1920x1080
Name: CCTV-13, URL: https://iptv.catvod.com/live.php?id=CCTV13&line=8, From: subscribe, IPv_Type: ipv4, Location: 美国-加利福尼亚州-洛杉矶, ISP: IT7网络, Date: None, Delay: 26 ms, Speed: 40.84 M/s, Resolution: 1920x1080
Name: CCTV-13, URL: https://iptv.catvod.com/live.php?id=CCTV13&line=7, From: subscribe, IPv_Type: ipv4, Location: 美国-加利福尼亚州-洛杉矶, ISP: IT7网络, Date: None, Delay: 27 ms, Speed: 38.76 M/s, Resolution: 1920x1080
Name: CCTV-13, URL: https://iptv.catvod.com/live.php?id=CCTV13&line=1, From: subscribe, IPv_Type: ipv4, Location: 美国-加利福尼亚州-洛杉矶, ISP: IT7网络, Date: None, Delay: 26 ms, Speed: 37.73 M/s, Resolution: 1920x1080
Name: CCTV-13, URL: https://iptv.catvod.com/live.php?id=CCTV13&line=10, From: subscribe, IPv_Type: ipv4, Location: 美国-加利福尼亚州-洛杉矶, ISP: IT7网络, Date: None, Delay: 25 ms, Speed: 37.35 M/s, Resolution: 1920x1080
Name: CCTV-13, URL: https://iptv.catvod.com/live.php?id=CCTV13&line=15, From: subscribe, IPv_Type: ipv4, Location: 美国-加利福尼亚州-洛杉矶, ISP: IT7网络, Date: None, Delay: 34 ms, Speed: 36.21 M/s, Resolution: 1920x1080
Name: CCTV-13, URL: https://iptv.catvod.com/live.php?id=CCTV13&line=2, From: subscribe, IPv_Type: ipv4, Location: 美国-加利福尼亚州-洛杉矶, ISP: IT7网络, Date: None, Delay: 40 ms, Speed: 36.15 M/s, Resolution: 1920x1080
Name: CCTV-13, URL: https://iptv.catvod.com/live.php?id=CCTV13&line=6, From: subscribe, IPv_Type: ipv4, Location: 美国-加利福尼亚州-洛杉矶, ISP: IT7网络, Date: None, Delay: 35 ms, Speed: 29.12 M/s, Resolution: 1920x1080
Name: CCTV-13, URL: https://event.pull.hebtv.com/jishi/cp1.m3u8, From: subscribe, IPv_Type: ipv6, Location: 中国, ISP: 中国电信, Date: None, Delay: 2209 ms, Speed: 1.42 M/s, Resolution: 1920x1080
Name: CCTV-13, URL: http://8.218.84.3:8885/live/LxWcScuQ6WphaELY4DhkKm8SIv7_ZgNIJtNvFurqphvyqxUIU84OjKVCwFxMq9iUPQYLfRFWRvf2_4V85kNWtKe8C3QpeVyWwisiSPb9SyAoYaQ-_me4CbfPiKDkBn7QR8HMg3ed-Cuar67fOCs6Go24R8xGNNKKl_JUYS4C5JqrUsMtyDfBRdzOnOmVo_TKVNAvz66-LuAHlUqnFXHKZZGdvRMSwDzmWrcF7qIzhtjp3TCCecVwHceETGu-MMAxw4cPtWN_JXUgxxBYOLN75Q.m3u8?u=1756878715, From: subscribe, IPv_Type: ipv4, Location: 中国-香港, ISP: 阿里云, Date: None, Delay: 3323 ms, Speed: 1.22 M/s, Resolution: None
Name: CCTV-13, URL: https://ldncctvwbcdcnc.v.wscdns.com/ldncctvwbcd/cdrmldcctv13_1/index.m3u8, From: subscribe, IPv_Type: ipv6, Location: 中国, ISP: 中国电信, Date: None, Delay: 1166 ms, Speed: 0.30 M/s, Resolution: 1920x1080
Name: CCTV-14, URL: https://iptv.catvod.com/live.php?id=CCTV14&line=1, From: subscribe, IPv_Type: ipv4, Location: 美国-加利福尼亚州-洛杉矶, ISP: IT7网络, Date: None, Delay: 27 ms, Speed: 41.85 M/s, Resolution: 1920x1080
Name: CCTV-14, URL: https://iptv.catvod.com/live.php?id=CCTV14&line=2, From: subscribe, IPv_Type: ipv4, Location: 美国-加利福尼亚州-洛杉矶, ISP: IT7网络, Date: None, Delay: 27 ms, Speed: 40.70 M/s, Resolution: 1920x1080
Name: CCTV-14, URL: https://iptv.catvod.com/live.php?id=CCTV14&line=6, From: subscribe, IPv_Type: ipv4, Location: 美国-加利福尼亚州-洛杉矶, ISP: IT7网络, Date: None, Delay: 28 ms, Speed: 39.74 M/s, Resolution: 1920x1080
Name: CCTV-14, URL: https://iptv.catvod.com/live.php?id=CCTV14&line=3, From: subscribe, IPv_Type: ipv4, Location: 美国-加利福尼亚州-洛杉矶, ISP: IT7网络, Date: None, Delay: 28 ms, Speed: 39.39 M/s, Resolution: 1920x1080
Name: CCTV-14, URL: https://iptv.catvod.com/live.php?id=CCTV14&line=4, From: subscribe, IPv_Type: ipv4, Location: 美国-加利福尼亚州-洛杉矶, ISP: IT7网络, Date: None, Delay: 29 ms, Speed: 38.38 M/s, Resolution: 1920x1080
Name: CCTV-14, URL: https://iptv.catvod.com/live.php?id=CCTV14&line=5, From: subscribe, IPv_Type: ipv4, Location: 美国-加利福尼亚州-洛杉矶, ISP: IT7网络, Date: None, Delay: 30 ms, Speed: 37.60 M/s, Resolution: 1920x1080
Name: CCTV-14, URL: https://event.pull.hebtv.com/jishi/cp2.m3u8, From: subscribe, IPv_Type: ipv6, Location: 中国, ISP: 中国电信, Date: None, Delay: 1990 ms, Speed: 1.52 M/s, Resolution: 1920x1080
Name: CCTV-14, URL: http://74.91.26.218:82/live/cctv14hd.m3u8, From: subscribe, IPv_Type: ipv4, Location: 美国, ISP: , Date: None, Delay: 9200 ms, Speed: 0.51 M/s, Resolution: 1920x1080
Name: CCTV-15, URL: https://iptv.catvod.com/live.php?id=CCTV15&line=1, From: subscribe, IPv_Type: ipv4, Location: 美国-加利福尼亚州-洛杉矶, ISP: IT7网络, Date: None, Delay: 29 ms, Speed: 38.01 M/s, Resolution: 1920x1080
Name: CCTV-15, URL: https://iptv.catvod.com/live.php?id=CCTV15&line=4, From: subscribe, IPv_Type: ipv4, Location: 美国-加利福尼亚州-洛杉矶, ISP: IT7网络, Date: None, Delay: 32 ms, Speed: 35.06 M/s, Resolution: 1920x1080
Name: CCTV-15, URL: https://iptv.catvod.com/live.php?id=CCTV15&line=2, From: subscribe, IPv_Type: ipv4, Location: 美国-加利福尼亚州-洛杉矶, ISP: IT7网络, Date: None, Delay: 32 ms, Speed: 34.92 M/s, Resolution: 1920x1080
Name: CCTV-15, URL: https://iptv.catvod.com/live.php?id=CCTV15&line=3, From: subscribe, IPv_Type: ipv4, Location: 美国-加利福尼亚州-洛杉矶, ISP: IT7网络, Date: None, Delay: 39 ms, Speed: 31.79 M/s, Resolution: 1920x1080
Name: CCTV-15, URL: https://iptv.catvod.com/live.php?id=CCTV15&line=5, From: subscribe, IPv_Type: ipv4, Location: 美国-加利福尼亚州-洛杉矶, ISP: IT7网络, Date: None, Delay: 62 ms, Speed: 26.35 M/s, Resolution: 1920x1080
Name: CCTV-15, URL: https://iptv.catvod.com/live.php?id=CCTV15&line=6, From: subscribe, IPv_Type: ipv4, Location: 美国-加利福尼亚州-洛杉矶, ISP: IT7网络, Date: None, Delay: 46 ms, Speed: 25.80 M/s, Resolution: 1920x1080
Name: CCTV-16, URL: https://iptv.catvod.com/live.php?id=CCTV16&line=2, From: subscribe, IPv_Type: ipv4, Location: 美国-加利福尼亚州-洛杉矶, ISP: IT7网络, Date: None, Delay: 29 ms, Speed: 37.81 M/s, Resolution: 1920x1080
Name: CCTV-16, URL: https://iptv.catvod.com/live.php?id=CCTV16&line=1, From: subscribe, IPv_Type: ipv4, Location: 美国-加利福尼亚州-洛杉矶, ISP: IT7网络, Date: None, Delay: 52 ms, Speed: 31.40 M/s, Resolution: 1920x1080
Name: CCTV-17, URL: https://iptv.catvod.com/live.php?id=CCTV17&line=1, From: subscribe, IPv_Type: ipv4, Location: 美国-加利福尼亚州-洛杉矶, ISP: IT7网络, Date: None, Delay: 29 ms, Speed: 42.87 M/s, Resolution: 1920x1080
Name: CCTV-17, URL: https://iptv.catvod.com/live.php?id=CCTV17&line=3, From: subscribe, IPv_Type: ipv4, Location: 美国-加利福尼亚州-洛杉矶, ISP: IT7网络, Date: None, Delay: 26 ms, Speed: 41.67 M/s, Resolution: 1920x1080
Name: CCTV-17, URL: https://iptv.catvod.com/live.php?id=CCTV17&line=2, From: subscribe, IPv_Type: ipv4, Location: 美国-加利福尼亚州-洛杉矶, ISP: IT7网络, Date: None, Delay: 29 ms, Speed: 41.49 M/s, Resolution: 1920x1080
Name: CCTV-17, URL: https://iptv.catvod.com/live.php?id=CCTV17&line=4, From: subscribe, IPv_Type: ipv4, Location: 美国-加利福尼亚州-洛杉矶, ISP: IT7网络, Date: None, Delay: 26 ms, Speed: 41.02 M/s, Resolution: 1920x1080
Name: CCTV-17, URL: https://iptv.catvod.com/live.php?id=CCTV17&line=5, From: subscribe, IPv_Type: ipv4, Location: 美国-加利福尼亚州-洛杉矶, ISP: IT7网络, Date: None, Delay: 26 ms, Speed: 39.21 M/s, Resolution: 1920x1080
Name: CCTV-17, URL: https://iptv.catvod.com/live.php?id=CCTV17&line=6, From: subscribe, IPv_Type: ipv4, Location: 美国-加利福尼亚州-洛杉矶, ISP: IT7网络, Date: None, Delay: 26 ms, Speed: 39.18 M/s, Resolution: 1920x1080
Name: CCTV-17, URL: https://iptv.catvod.com/live.php?id=CCTV17&line=7, From: subscribe, IPv_Type: ipv4, Location: 美国-加利福尼亚州-洛杉矶, ISP: IT7网络, Date: None, Delay: 46 ms, Speed: 25.43 M/s, Resolution: 1920x1080
Name: CCTV-17, URL: https://iptv.catvod.com/live.php?id=CCTV17&line=8, From: subscribe, IPv_Type: ipv4, Location: 美国-加利福尼亚州-洛杉矶, ISP: IT7网络, Date: None, Delay: 55 ms, Speed: 21.36 M/s, Resolution: 1920x1080
Name: CCTV-17, URL: http://74.91.26.218:82/live/cctv17hd.m3u8, From: subscribe, IPv_Type: ipv4, Location: 美国, ISP: , Date: None, Delay: 10795 ms, Speed: 0.45 M/s, Resolution: 1920x1080
Name: CETV-1, URL: https://iptv.catvod.com/live.php?id=CETV1&line=1, From: subscribe, IPv_Type: ipv4, Location: 美国-加利福尼亚州-洛杉矶, ISP: IT7网络, Date: None, Delay: 32 ms, Speed: 36.38 M/s, Resolution: 1920x1080
Name: CETV-1, URL: https://iptv.catvod.com/live.php?id=CETV1, From: subscribe, IPv_Type: ipv4, Location: 美国-加利福尼亚州-洛杉矶, ISP: IT7网络, Date: None, Delay: 30 ms, Speed: 34.79 M/s, Resolution: 1920x1080
Name: CETV-2, URL: https://iptv.catvod.com/live.php?id=CETV2, From: subscribe, IPv_Type: ipv4, Location: 美国-加利福尼亚州-洛杉矶, ISP: IT7网络, Date: None, Delay: 34 ms, Speed: 37.10 M/s, Resolution: 1920x1080
Name: CETV-2, URL: https://iptv.catvod.com/live.php?id=CETV2&line=1, From: subscribe, IPv_Type: ipv4, Location: 美国-加利福尼亚州-洛杉矶, ISP: IT7网络, Date: None, Delay: 27 ms, Speed: 35.98 M/s, Resolution: 1920x1080
Name: CETV-3, URL: http://183.220.107.138:4022/rtp/239.11.0.247:5140, From: subscribe, IPv_Type: ipv4, Location: 中国-四川-成都, ISP: 移动, Date: None, Delay: 373 ms, Speed: 0.32 M/s, Resolution: 720x576
Name: CETV-4, URL: https://iptv.catvod.com/live.php?id=CETV4&line=1, From: subscribe, IPv_Type: ipv4, Location: 美国-加利福尼亚州-洛杉矶, ISP: IT7网络, Date: None, Delay: 29 ms, Speed: 39.65 M/s, Resolution: 1920x1080
Name: CETV-4, URL: https://iptv.catvod.com/live.php?id=CETV4, From: subscribe, IPv_Type: ipv4, Location: 美国-加利福尼亚州-洛杉矶, ISP: IT7网络, Date: None, Delay: 33 ms, Speed: 39.40 M/s, Resolution: 1920x1080
Name: 文化精品, URL: http://38.75.136.137:98/gslb/dsdqpub/ysjp.m3u8?auth=testpub, From: subscribe, IPv_Type: ipv4, Location: 美国-伊利诺伊州-库克, ISP: Cogent, Date: None, Delay: 8104 ms, Speed: 0.66 M/s, Resolution: 1920x1080
Name: 文化精品, URL: http://www.qfly9236.cn:8888/rtp/239.253.92.25:6104, From: subscribe, IPv_Type: ipv6, Location: 中国, ISP: 中国联通, Date: None, Delay: 413 ms, Speed: 0.00 M/s, Resolution: None
Name: 央视台球, URL: http://38.75.136.137:98/gslb/dsdqpub/ystq.m3u8?auth=testpub, From: subscribe, IPv_Type: ipv4, Location: 美国-伊利诺伊州-库克, ISP: Cogent, Date: None, Delay: 6062 ms, Speed: 1.15 M/s, Resolution: 1920x1080
Name: 央视台球, URL: http://www.qfly9236.cn:8888/rtp/239.253.93.231:6409, From: subscribe, IPv_Type: ipv6, Location: 中国, ISP: 中国联通, Date: None, Delay: 395 ms, Speed: 0.00 M/s, Resolution: None
Name: 风云音乐, URL: http://38.75.136.137:98/gslb/dsdqpub/fyyy.m3u8?auth=testpub, From: subscribe, IPv_Type: ipv4, Location: 美国-伊利诺伊州-库克, ISP: Cogent, Date: None, Delay: 5383 ms, Speed: 0.94 M/s, Resolution: 1920x1080
Name: 风云音乐, URL: http://171.83.103.119:9999/rtp/239.69.1.90:10180, From: subscribe, IPv_Type: ipv4, Location: 中国-湖北-武汉, ISP: 电信, Date: None, Delay: 446 ms, Speed: 0.07 M/s, Resolution: 1920x1080
Name: 风云音乐, URL: http://www.qfly9236.cn:8888/rtp/239.253.92.111:8060, From: subscribe, IPv_Type: ipv6, Location: 中国, ISP: 中国联通, Date: None, Delay: 393 ms, Speed: 0.01 M/s, Resolution: None
Name: 第一剧场, URL: http://38.75.136.137:98/gslb/dsdqpub/dyjc.m3u8?auth=testpub, From: subscribe, IPv_Type: ipv4, Location: 美国-伊利诺伊州-库克, ISP: Cogent, Date: None, Delay: 10835 ms, Speed: 0.49 M/s, Resolution: 1920x1080
Name: 第一剧场, URL: http://www.qfly9236.cn:8888/rtp/239.253.92.18:6079, From: subscribe, IPv_Type: ipv6, Location: 中国, ISP: 中国联通, Date: None, Delay: 401 ms, Speed: 0.01 M/s, Resolution: None
Name: 第一剧场, URL: http://8.218.84.3:8885/live/NlAhgdR475_p9pHeKE1G1rILoVl18Qqe36jUsiWqY5S26LQzNA-82o0LSiNo13OG2LV-Fr8y86yPX-J4JG9ZPn4Dr7tcnTXET7O0emdC1htlY3FarnHVRs35E47gmF_r5zKD0j-8Y_CkO7XaOrUHRMryBKv5V6GW8oVOAMhWC-c3YnqRMpzBwqW3uA7HL4mw99NaKloXHQnaFZXBrOL1MG5QsLODMr8CzkJwhwp58-dZ5ZVR2jr3gd10FyLCe6tSERm6stBobky1mSG_FET95YPbIwtCur0hhHywpbziT7Q.m3u8?u=1757123819, From: subscribe, IPv_Type: ipv4, Location: 中国-香港, ISP: 阿里云, Date: None, Delay: 202 ms, Speed: 0.00 M/s, Resolution: None
Name: 风云剧场, URL: http://38.75.136.137:98/gslb/dsdqpub/fyjc.m3u8?auth=testpub, From: subscribe, IPv_Type: ipv4, Location: 美国-伊利诺伊州-库克, ISP: Cogent, Date: None, Delay: 10747 ms, Speed: 0.47 M/s, Resolution: 1920x1080
Name: 风云剧场, URL: http://www.qfly9236.cn:8888/rtp/239.253.92.22:6073, From: subscribe, IPv_Type: ipv6, Location: 中国, ISP: 中国联通, Date: None, Delay: 410 ms, Speed: 0.01 M/s, Resolution: None
Name: 怀旧剧场, URL: http://171.83.103.119:9999/rtp/239.69.1.89:10174, From: subscribe, IPv_Type: ipv4, Location: 中国-湖北-武汉, ISP: 电信, Date: None, Delay: 398 ms, Speed: 0.26 M/s, Resolution: 1920x1080
Name: 怀旧剧场, URL: http://171.83.103.119:9999/rtp/239.69.1.86:10156, From: subscribe, IPv_Type: ipv4, Location: 中国-湖北-武汉, ISP: 电信, Date: None, Delay: 440 ms, Speed: 0.12 M/s, Resolution: 1920x1080
Name: 怀旧剧场, URL: http://www.qfly9236.cn:8888/rtp/239.253.92.98:6120, From: subscribe, IPv_Type: ipv6, Location: 中国, ISP: 中国联通, Date: None, Delay: 408 ms, Speed: 0.01 M/s, Resolution: None
Name: 女性时尚, URL: http://38.75.136.137:98/gslb/dsdqpub/nxss.m3u8?auth=testpub, From: subscribe, IPv_Type: ipv4, Location: 美国-伊利诺伊州-库克, ISP: Cogent, Date: None, Delay: 4341 ms, Speed: 1.26 M/s, Resolution: 1920x1080
Name: 女性时尚, URL: http://www.qfly9236.cn:8888/rtp/239.253.92.249:6103, From: subscribe, IPv_Type: ipv6, Location: 中国, ISP: 中国联通, Date: None, Delay: 393 ms, Speed: 0.01 M/s, Resolution: None
Name: 高尔夫网球, URL: http://38.75.136.137:98/gslb/dsdqpub/gefwq.m3u8?auth=testpub, From: subscribe, IPv_Type: ipv4, Location: 美国-伊利诺伊州-库克, ISP: Cogent, Date: None, Delay: 4210 ms, Speed: 1.25 M/s, Resolution: 1920x1080
Name: 高尔夫网球, URL: http://www.qfly9236.cn:8888/rtp/239.253.92.117:8062, From: subscribe, IPv_Type: ipv6, Location: 中国, ISP: 中国联通, Date: None, Delay: 402 ms, Speed: 0.00 M/s, Resolution: None
Name: 风云足球, URL: http://38.75.136.137:98/gslb/dsdqpub/fyzq.m3u8?auth=testpub, From: subscribe, IPv_Type: ipv4, Location: 美国-伊利诺伊州-库克, ISP: Cogent, Date: None, Delay: 1431 ms, Speed: 2.90 M/s, Resolution: 1920x1080
Name: 风云足球, URL: http://www.qfly9236.cn:8888/rtp/239.253.92.110:8061, From: subscribe, IPv_Type: ipv6, Location: 中国, ISP: 中国联通, Date: None, Delay: 400 ms, Speed: 0.00 M/s, Resolution: None
Name: 电视指南, URL: http://38.75.136.137:98/gslb/dsdqpub/dszn.m3u8?auth=testpub, From: subscribe, IPv_Type: ipv4, Location: 美国-伊利诺伊州-库克, ISP: Cogent, Date: None, Delay: 3182 ms, Speed: 1.64 M/s, Resolution: 1920x1080
Name: 电视指南, URL: http://171.83.103.119:9999/rtp/239.69.1.87:10162, From: subscribe, IPv_Type: ipv4, Location: 中国-湖北-武汉, ISP: 电信, Date: None, Delay: 398 ms, Speed: 0.07 M/s, Resolution: 1920x1080
Name: 世界地理, URL: http://38.75.136.137:98/gslb/dsdqpub/sjdl.m3u8?auth=testpub, From: subscribe, IPv_Type: ipv4, Location: 美国-伊利诺伊州-库克, ISP: Cogent, Date: None, Delay: 10807 ms, Speed: 0.29 M/s, Resolution: 1920x1080
Name: 世界地理, URL: http://www.qfly9236.cn:8888/rtp/239.253.92.113:8066, From: subscribe, IPv_Type: ipv6, Location: 中国, ISP: 中国联通, Date: None, Delay: 414 ms, Speed: 0.01 M/s, Resolution: None
Name: 兵器科技, URL: http://171.83.103.119:9999/rtp/239.69.1.79:10114, From: subscribe, IPv_Type: ipv4, Location: 中国-湖北-武汉, ISP: 电信, Date: None, Delay: 391 ms, Speed: 0.05 M/s, Resolution: 1920x1080
Name: 广东卫视, URL: https://iptv.catvod.com/live.php?id=%E5%B9%BF%E4%B8%9C%E5%8D%AB%E8%A7%86&line=5, From: subscribe, IPv_Type: ipv4, Location: 美国-加利福尼亚州-洛杉矶, ISP: IT7网络, Date: None, Delay: 26 ms, Speed: 40.53 M/s, Resolution: 1920x1080
Name: 广东卫视, URL: https://iptv.catvod.com/live.php?id=%E5%B9%BF%E4%B8%9C%E5%8D%AB%E8%A7%86&line=2, From: subscribe, IPv_Type: ipv4, Location: 美国-加利福尼亚州-洛杉矶, ISP: IT7网络, Date: None, Delay: 29 ms, Speed: 40.07 M/s, Resolution: 1920x1080
Name: 广东卫视, URL: https://iptv.catvod.com/live.php?id=%E5%B9%BF%E4%B8%9C%E5%8D%AB%E8%A7%86&line=4, From: subscribe, IPv_Type: ipv4, Location: 美国-加利福尼亚州-洛杉矶, ISP: IT7网络, Date: None, Delay: 41 ms, Speed: 31.23 M/s, Resolution: 1920x1080
Name: 广东卫视, URL: https://iptv.catvod.com/live.php?id=%E5%B9%BF%E4%B8%9C%E5%8D%AB%E8%A7%86&line=1, From: subscribe, IPv_Type: ipv4, Location: 美国-加利福尼亚州-洛杉矶, ISP: IT7网络, Date: None, Delay: 50 ms, Speed: 19.94 M/s, Resolution: 1920x1080
Name: 广东卫视, URL: https://iptv.catvod.com/live.php?id=%E5%B9%BF%E4%B8%9C%E5%8D%AB%E8%A7%86&line=3, From: subscribe, IPv_Type: ipv4, Location: 美国-加利福尼亚州-洛杉矶, ISP: IT7网络, Date: None, Delay: 97 ms, Speed: 17.44 M/s, Resolution: 1920x1080
Name: 广东卫视, URL: http://23.237.228.134/live6/guangdong.m3u8, From: subscribe, IPv_Type: ipv4, Location: 北美地区, ISP: , Date: None, Delay: 1158 ms, Speed: 6.33 M/s, Resolution: 1920x1080
Name: 浙江卫视, URL: http://ali-xwl.cztv.com/live/channel011080Plxw.m3u8, From: subscribe, IPv_Type: ipv4, Location: 美国, ISP: 阿里云, Date: None, Delay: 55 ms, Speed: 52.05 M/s, Resolution: 1920x1080
Name: 浙江卫视, URL: https://iptv.catvod.com/live.php?id=%E6%B5%99%E6%B1%9F%E5%8D%AB%E8%A7%86&line=4, From: subscribe, IPv_Type: ipv4, Location: 美国-加利福尼亚州-洛杉矶, ISP: IT7网络, Date: None, Delay: 24 ms, Speed: 46.35 M/s, Resolution: 1920x1080
Name: 浙江卫视, URL: https://iptv.catvod.com/live.php?id=%E6%B5%99%E6%B1%9F%E5%8D%AB%E8%A7%86&line=5, From: subscribe, IPv_Type: ipv4, Location: 美国-加利福尼亚州-洛杉矶, ISP: IT7网络, Date: None, Delay: 26 ms, Speed: 44.02 M/s, Resolution: 1920x1080
Name: 浙江卫视, URL: https://iptv.catvod.com/live.php?id=%E6%B5%99%E6%B1%9F%E5%8D%AB%E8%A7%86&line=1, From: subscribe, IPv_Type: ipv4, Location: 美国-加利福尼亚州-洛杉矶, ISP: IT7网络, Date: None, Delay: 25 ms, Speed: 42.07 M/s, Resolution: 1920x1080
Name: 浙江卫视, URL: https://iptv.catvod.com/live.php?id=%E6%B5%99%E6%B1%9F%E5%8D%AB%E8%A7%86&line=2, From: subscribe, IPv_Type: ipv4, Location: 美国-加利福尼亚州-洛杉矶, ISP: IT7网络, Date: None, Delay: 36 ms, Speed: 40.57 M/s, Resolution: 1920x1080
Name: 浙江卫视, URL: https://iptv.catvod.com/live.php?id=%E6%B5%99%E6%B1%9F%E5%8D%AB%E8%A7%86&line=10, From: subscribe, IPv_Type: ipv4, Location: 美国-加利福尼亚州-洛杉矶, ISP: IT7网络, Date: None, Delay: 27 ms, Speed: 39.92 M/s, Resolution: 1920x1080
Name: 浙江卫视, URL: https://iptv.catvod.com/live.php?id=%E6%B5%99%E6%B1%9F%E5%8D%AB%E8%A7%86&line=14, From: subscribe, IPv_Type: ipv4, Location: 美国-加利福尼亚州-洛杉矶, ISP: IT7网络, Date: None, Delay: 28 ms, Speed: 39.58 M/s, Resolution: 1920x1080
Name: 浙江卫视, URL: https://iptv.catvod.com/live.php?id=%E6%B5%99%E6%B1%9F%E5%8D%AB%E8%A7%86&line=13, From: subscribe, IPv_Type: ipv4, Location: 美国-加利福尼亚州-洛杉矶, ISP: IT7网络, Date: None, Delay: 29 ms, Speed: 38.20 M/s, Resolution: 1920x1080
Name: 浙江卫视, URL: https://iptv.catvod.com/live.php?id=%E6%B5%99%E6%B1%9F%E5%8D%AB%E8%A7%86&line=12, From: subscribe, IPv_Type: ipv4, Location: 美国-加利福尼亚州-洛杉矶, ISP: IT7网络, Date: None, Delay: 30 ms, Speed: 37.51 M/s, Resolution: 1920x1080
Name: 浙江卫视, URL: https://iptv.catvod.com/live.php?id=%E6%B5%99%E6%B1%9F%E5%8D%AB%E8%A7%86&line=3, From: subscribe, IPv_Type: ipv4, Location: 美国-加利福尼亚州-洛杉矶, ISP: IT7网络, Date: None, Delay: 25 ms, Speed: 36.38 M/s, Resolution: 1920x1080
Name: 浙江卫视, URL: https://iptv.catvod.com/live.php?id=%E6%B5%99%E6%B1%9F%E5%8D%AB%E8%A7%86&line=11, From: subscribe, IPv_Type: ipv4, Location: 美国-加利福尼亚州-洛杉矶, ISP: IT7网络, Date: None, Delay: 28 ms, Speed: 35.82 M/s, Resolution: 1920x1080
Name: 浙江卫视, URL: https://iptv.catvod.com/live.php?id=%E6%B5%99%E6%B1%9F%E5%8D%AB%E8%A7%86&line=6, From: subscribe, IPv_Type: ipv4, Location: 美国-加利福尼亚州-洛杉矶, ISP: IT7网络, Date: None, Delay: 38 ms, Speed: 32.76 M/s, Resolution: 1920x1080
Name: 浙江卫视, URL: https://iptv.catvod.com/live.php?id=%E6%B5%99%E6%B1%9F%E5%8D%AB%E8%A7%86&line=8, From: subscribe, IPv_Type: ipv4, Location: 美国-加利福尼亚州-洛杉矶, ISP: IT7网络, Date: None, Delay: 35 ms, Speed: 30.86 M/s, Resolution: 1920x1080
Name: 浙江卫视, URL: https://iptv.catvod.com/live.php?id=%E6%B5%99%E6%B1%9F%E5%8D%AB%E8%A7%86&line=7, From: subscribe, IPv_Type: ipv4, Location: 美国-加利福尼亚州-洛杉矶, ISP: IT7网络, Date: None, Delay: 41 ms, Speed: 26.18 M/s, Resolution: 1920x1080
Name: 浙江卫视, URL: https://iptv.catvod.com/live.php?id=%E6%B5%99%E6%B1%9F%E5%8D%AB%E8%A7%86&line=9, From: subscribe, IPv_Type: ipv4, Location: 美国-加利福尼亚州-洛杉矶, ISP: IT7网络, Date: None, Delay: 47 ms, Speed: 21.13 M/s, Resolution: 1920x1080
Name: 浙江卫视, URL: http://23.237.228.134/live6/zhejiang.m3u8, From: subscribe, IPv_Type: ipv4, Location: 北美地区, ISP: , Date: None, Delay: 1590 ms, Speed: 2.98 M/s, Resolution: 1920x1080
Name: 湖南卫视, URL: https://iptv.catvod.com/live.php?id=%E6%B9%96%E5%8D%97%E5%8D%AB%E8%A7%86&line=1, From: subscribe, IPv_Type: ipv4, Location: 美国-加利福尼亚州-洛杉矶, ISP: IT7网络, Date: None, Delay: 24 ms, Speed: 43.55 M/s, Resolution: 1920x1080
Name: 湖南卫视, URL: https://iptv.catvod.com/live.php?id=%E6%B9%96%E5%8D%97%E5%8D%AB%E8%A7%86&line=4, From: subscribe, IPv_Type: ipv4, Location: 美国-加利福尼亚州-洛杉矶, ISP: IT7网络, Date: None, Delay: 29 ms, Speed: 39.04 M/s, Resolution: 1920x1080
Name: 湖南卫视, URL: https://iptv.catvod.com/live.php?id=%E6%B9%96%E5%8D%97%E5%8D%AB%E8%A7%86&line=2, From: subscribe, IPv_Type: ipv4, Location: 美国-加利福尼亚州-洛杉矶, ISP: IT7网络, Date: None, Delay: 31 ms, Speed: 37.01 M/s, Resolution: 1920x1080
Name: 湖南卫视, URL: https://iptv.catvod.com/live.php?id=%E6%B9%96%E5%8D%97%E5%8D%AB%E8%A7%86&line=3, From: subscribe, IPv_Type: ipv4, Location: 美国-加利福尼亚州-洛杉矶, ISP: IT7网络, Date: None, Delay: 36 ms, Speed: 33.47 M/s, Resolution: 1920x1080
Name: 湖南卫视, URL: http://23.237.228.134/live6/hunan.m3u8, From: subscribe, IPv_Type: ipv4, Location: 北美地区, ISP: , Date: None, Delay: 87 ms, Speed: 26.61 M/s, Resolution: 1920x1080
Name: 湖南卫视, URL: http://38.75.136.137:98/gslb/dsdqbv/hnwshd.m3u8?auth=test20251009, From: subscribe, IPv_Type: ipv4, Location: 美国-伊利诺伊州-库克, ISP: Cogent, Date: None, Delay: 1025 ms, Speed: 4.54 M/s, Resolution: 1920x1080
Name: 湖南卫视, URL: https://hlsbkmgsplive.miguvideo.com/wd-hunanhd-2500/01.m3u8?&HlsSubType=&encrypt=, From: subscribe, IPv_Type: ipv6, Location: 中国, ISP: 中国移动, Date: None, Delay: 2364 ms, Speed: 2.21 M/s, Resolution: 1920x1080
Name: 湖南卫视, URL: http://satellitepull.cnr.cn/live/wx32hunws/playlist.m3u8, From: subscribe, IPv_Type: ipv4, Location: 美国-伊利诺伊州-库克, ISP: 网宿CDN节点, Date: None, Delay: 58 ms, Speed: 1.56 M/s, Resolution: None
Name: 湖南卫视, URL: http://74.91.26.218:82/live/hnwshd.m3u8, From: subscribe, IPv_Type: ipv4, Location: 美国, ISP: , Date: None, Delay: 10497 ms, Speed: 0.24 M/s, Resolution: 1920x1080
Name: 湖南卫视, URL: http://171.83.103.119:9999/rtp/239.69.2.34:11358, From: subscribe, IPv_Type: ipv4, Location: 中国-湖北-武汉, ISP: 电信, Date: None, Delay: 409 ms, Speed: 0.16 M/s, Resolution: 3840x2160
Name: 湖南卫视, URL: http://171.83.103.119:9999/rtp/239.69.1.27:9802, From: subscribe, IPv_Type: ipv4, Location: 中国-湖北-武汉, ISP: 电信, Date: None, Delay: 428 ms, Speed: 0.11 M/s, Resolution: 3840x2160
Name: 北京卫视, URL: https://iptv.catvod.com/live.php?id=%E5%8C%97%E4%BA%AC%E5%8D%AB%E8%A7%86&line=6, From: subscribe, IPv_Type: ipv4, Location: 美国-加利福尼亚州-洛杉矶, ISP: IT7网络, Date: None, Delay: 27 ms, Speed: 39.50 M/s, Resolution: 1920x1080
Name: 北京卫视, URL: https://iptv.catvod.com/live.php?id=%E5%8C%97%E4%BA%AC%E5%8D%AB%E8%A7%86, From: subscribe, IPv_Type: ipv4, Location: 美国-加利福尼亚州-洛杉矶, ISP: IT7网络, Date: None, Delay: 33 ms, Speed: 39.11 M/s, Resolution: 1920x1080
Name: 北京卫视, URL: https://iptv.catvod.com/live.php?id=%E5%8C%97%E4%BA%AC%E5%8D%AB%E8%A7%86&line=5, From: subscribe, IPv_Type: ipv4, Location: 美国-加利福尼亚州-洛杉矶, ISP: IT7网络, Date: None, Delay: 28 ms, Speed: 39.00 M/s, Resolution: 1920x1080
Name: 北京卫视, URL: https://iptv.catvod.com/live.php?id=%E5%8C%97%E4%BA%AC%E5%8D%AB%E8%A7%86&line=2, From: subscribe, IPv_Type: ipv4, Location: 美国-加利福尼亚州-洛杉矶, ISP: IT7网络, Date: None, Delay: 27 ms, Speed: 38.31 M/s, Resolution: 1920x1080
Name: 北京卫视, URL: https://iptv.catvod.com/live.php?id=%E5%8C%97%E4%BA%AC%E5%8D%AB%E8%A7%86&line=1, From: subscribe, IPv_Type: ipv4, Location: 美国-加利福尼亚州-洛杉矶, ISP: IT7网络, Date: None, Delay: 34 ms, Speed: 36.38 M/s, Resolution: 1920x1080
Name: 北京卫视, URL: https://iptv.catvod.com/live.php?id=%E5%8C%97%E4%BA%AC%E5%8D%AB%E8%A7%86&line=4, From: subscribe, IPv_Type: ipv4, Location: 美国-加利福尼亚州-洛杉矶, ISP: IT7网络, Date: None, Delay: 30 ms, Speed: 36.19 M/s, Resolution: 1920x1080
Name: 北京卫视, URL: https://iptv.catvod.com/live.php?id=%E5%8C%97%E4%BA%AC%E5%8D%AB%E8%A7%86&line=3, From: subscribe, IPv_Type: ipv4, Location: 美国-加利福尼亚州-洛杉矶, ISP: IT7网络, Date: None, Delay: 28 ms, Speed: 35.36 M/s, Resolution: 1920x1080
Name: 北京卫视, URL: http://satellitepull.cnr.cn/live/wxbtv/playlist.m3u8, From: subscribe, IPv_Type: ipv4, Location: 美国-德克萨斯州-达拉斯, ISP: 网宿科技CDN节点, Date: None, Delay: 58 ms, Speed: 1.70 M/s, Resolution: None
Name: 湖北卫视, URL: https://iptv.catvod.com/live.php?id=%E6%B9%96%E5%8C%97%E5%8D%AB%E8%A7%86&line=2, From: subscribe, IPv_Type: ipv4, Location: 美国-加利福尼亚州-洛杉矶, ISP: IT7网络, Date: None, Delay: 30 ms, Speed: 39.48 M/s, Resolution: 1920x1080
Name: 湖北卫视, URL: https://iptv.catvod.com/live.php?id=%E6%B9%96%E5%8C%97%E5%8D%AB%E8%A7%86&line=1, From: subscribe, IPv_Type: ipv4, Location: 美国-加利福尼亚州-洛杉矶, ISP: IT7网络, Date: None, Delay: 26 ms, Speed: 38.06 M/s, Resolution: 1920x1080
Name: 湖北卫视, URL: https://iptv.catvod.com/live.php?id=%E6%B9%96%E5%8C%97%E5%8D%AB%E8%A7%86&line=3, From: subscribe, IPv_Type: ipv4, Location: 美国-加利福尼亚州-洛杉矶, ISP: IT7网络, Date: None, Delay: 27 ms, Speed: 36.60 M/s, Resolution: 1920x1080
Name: 湖北卫视, URL: http://23.237.228.134/live6/hubei.m3u8, From: subscribe, IPv_Type: ipv4, Location: 北美地区, ISP: , Date: None, Delay: 104 ms, Speed: 20.36 M/s, Resolution: 1920x1080
Name: 湖北卫视, URL: http://38.75.136.137:98/gslb/dsdqpub/hbwshd.m3u8?auth=testpub, From: subscribe, IPv_Type: ipv4, Location: 美国-伊利诺伊州-库克, ISP: Cogent, Date: None, Delay: 241 ms, Speed: 0.36 M/s, Resolution: 1920x1080
Name: 黑龙江卫视, URL: https://iptv.catvod.com/live.php?id=%E9%BB%91%E9%BE%99%E6%B1%9F%E5%8D%AB%E8%A7%86&line=5, From: subscribe, IPv_Type: ipv4, Location: 美国-加利福尼亚州-洛杉矶, ISP: IT7网络, Date: None, Delay: 27 ms, Speed: 43.63 M/s, Resolution: 1920x1080
Name: 黑龙江卫视, URL: https://iptv.catvod.com/live.php?id=%E9%BB%91%E9%BE%99%E6%B1%9F%E5%8D%AB%E8%A7%86&line=2, From: subscribe, IPv_Type: ipv4, Location: 美国-加利福尼亚州-洛杉矶, ISP: IT7网络, Date: None, Delay: 24 ms, Speed: 42.30 M/s, Resolution: 1920x1080
Name: 黑龙江卫视, URL: https://iptv.catvod.com/live.php?id=%E9%BB%91%E9%BE%99%E6%B1%9F%E5%8D%AB%E8%A7%86&line=1, From: subscribe, IPv_Type: ipv4, Location: 美国-加利福尼亚州-洛杉矶, ISP: IT7网络, Date: None, Delay: 26 ms, Speed: 40.41 M/s, Resolution: 1920x1080
Name: 黑龙江卫视, URL: https://iptv.catvod.com/live.php?id=%E9%BB%91%E9%BE%99%E6%B1%9F%E5%8D%AB%E8%A7%86&line=4, From: subscribe, IPv_Type: ipv4, Location: 美国-加利福尼亚州-洛杉矶, ISP: IT7网络, Date: None, Delay: 24 ms, Speed: 37.80 M/s, Resolution: 1920x1080
Name: 黑龙江卫视, URL: https://iptv.catvod.com/live.php?id=%E9%BB%91%E9%BE%99%E6%B1%9F%E5%8D%AB%E8%A7%86&line=3, From: subscribe, IPv_Type: ipv4, Location: 美国-加利福尼亚州-洛杉矶, ISP: IT7网络, Date: None, Delay: 28 ms, Speed: 37.10 M/s, Resolution: 1920x1080
Name: 安徽卫视, URL: https://iptv.catvod.com/live.php?id=%E5%AE%89%E5%BE%BD%E5%8D%AB%E8%A7%86&line=1, From: subscribe, IPv_Type: ipv4, Location: 美国-加利福尼亚州-洛杉矶, ISP: IT7网络, Date: None, Delay: 26 ms, Speed: 41.79 M/s, Resolution: 1920x1080
Name: 安徽卫视, URL: https://iptv.catvod.com/live.php?id=%E5%AE%89%E5%BE%BD%E5%8D%AB%E8%A7%86&line=2, From: subscribe, IPv_Type: ipv4, Location: 美国-加利福尼亚州-洛杉矶, ISP: IT7网络, Date: None, Delay: 28 ms, Speed: 41.22 M/s, Resolution: 1920x1080
Name: 安徽卫视, URL: https://iptv.catvod.com/live.php?id=%E5%AE%89%E5%BE%BD%E5%8D%AB%E8%A7%86, From: subscribe, IPv_Type: ipv4, Location: 美国-加利福尼亚州-洛杉矶, ISP: IT7网络, Date: None, Delay: 25 ms, Speed: 40.62 M/s, Resolution: 1920x1080
Name: 安徽卫视, URL: https://iptv.catvod.com/live.php?id=%E5%AE%89%E5%BE%BD%E5%8D%AB%E8%A7%86&line=3, From: subscribe, IPv_Type: ipv4, Location: 美国-加利福尼亚州-洛杉矶, ISP: IT7网络, Date: None, Delay: 27 ms, Speed: 40.46 M/s, Resolution: 1920x1080
Name: 重庆卫视, URL: https://iptv.catvod.com/live.php?id=%E9%87%8D%E5%BA%86%E5%8D%AB%E8%A7%86&line=1, From: subscribe, IPv_Type: ipv4, Location: 美国-加利福尼亚州-洛杉矶, ISP: IT7网络, Date: None, Delay: 29 ms, Speed: 41.84 M/s, Resolution: 1920x1080
Name: 重庆卫视, URL: https://iptv.catvod.com/live.php?id=%E9%87%8D%E5%BA%86%E5%8D%AB%E8%A7%86&line=2, From: subscribe, IPv_Type: ipv4, Location: 美国-加利福尼亚州-洛杉矶, ISP: IT7网络, Date: None, Delay: 25 ms, Speed: 40.95 M/s, Resolution: 1920x1080
Name: 重庆卫视, URL: http://23.237.228.134/live6/chongqing.m3u8, From: subscribe, IPv_Type: ipv4, Location: 北美地区, ISP: , Date: None, Delay: 1139 ms, Speed: 4.94 M/s, Resolution: 1920x1080
Name: 东方卫视, URL: https://iptv.catvod.com/live.php?id=%E4%B8%9C%E6%96%B9%E5%8D%AB%E8%A7%86&line=2, From: subscribe, IPv_Type: ipv4, Location: 美国-加利福尼亚州-洛杉矶, ISP: IT7网络, Date: None, Delay: 23 ms, Speed: 46.02 M/s, Resolution: 1920x1080
Name: 东方卫视, URL: https://iptv.catvod.com/live.php?id=%E4%B8%9C%E6%96%B9%E5%8D%AB%E8%A7%86&line=5, From: subscribe, IPv_Type: ipv4, Location: 美国-加利福尼亚州-洛杉矶, ISP: IT7网络, Date: None, Delay: 24 ms, Speed: 41.59 M/s, Resolution: 1920x1080
Name: 东方卫视, URL: https://iptv.catvod.com/live.php?id=%E4%B8%9C%E6%96%B9%E5%8D%AB%E8%A7%86&line=6, From: subscribe, IPv_Type: ipv4, Location: 美国-加利福尼亚州-洛杉矶, ISP: IT7网络, Date: None, Delay: 27 ms, Speed: 40.67 M/s, Resolution: 1920x1080
Name: 东方卫视, URL: https://iptv.catvod.com/live.php?id=%E4%B8%9C%E6%96%B9%E5%8D%AB%E8%A7%86&line=4, From: subscribe, IPv_Type: ipv4, Location: 美国-加利福尼亚州-洛杉矶, ISP: IT7网络, Date: None, Delay: 32 ms, Speed: 40.57 M/s, Resolution: 1920x1080
Name: 东方卫视, URL: https://iptv.catvod.com/live.php?id=%E4%B8%9C%E6%96%B9%E5%8D%AB%E8%A7%86&line=3, From: subscribe, IPv_Type: ipv4, Location: 美国-加利福尼亚州-洛杉矶, ISP: IT7网络, Date: None, Delay: 30 ms, Speed: 40.45 M/s, Resolution: 1920x1080
Name: 东方卫视, URL: https://iptv.catvod.com/live.php?id=%E4%B8%9C%E6%96%B9%E5%8D%AB%E8%A7%86&line=1, From: subscribe, IPv_Type: ipv4, Location: 美国-加利福尼亚州-洛杉矶, ISP: IT7网络, Date: None, Delay: 26 ms, Speed: 39.19 M/s, Resolution: 1920x1080
Name: 东方卫视, URL: http://23.237.228.134/live6/dongnan.m3u8, From: subscribe, IPv_Type: ipv4, Location: 北美地区, ISP: , Date: None, Delay: 82 ms, Speed: 26.43 M/s, Resolution: 1920x1080
Name: 东南卫视, URL: https://iptv.catvod.com/live.php?id=%E4%B8%9C%E5%8D%97%E5%8D%AB%E8%A7%86&line=2, From: subscribe, IPv_Type: ipv4, Location: 美国-加利福尼亚州-洛杉矶, ISP: IT7网络, Date: None, Delay: 27 ms, Speed: 44.70 M/s, Resolution: 1920x1080
Name: 东南卫视, URL: https://iptv.catvod.com/live.php?id=%E4%B8%9C%E5%8D%97%E5%8D%AB%E8%A7%86&line=4, From: subscribe, IPv_Type: ipv4, Location: 美国-加利福尼亚州-洛杉矶, ISP: IT7网络, Date: None, Delay: 26 ms, Speed: 40.20 M/s, Resolution: 1920x1080
Name: 东南卫视, URL: https://iptv.catvod.com/live.php?id=%E4%B8%9C%E5%8D%97%E5%8D%AB%E8%A7%86&line=1, From: subscribe, IPv_Type: ipv4, Location: 美国-加利福尼亚州-洛杉矶, ISP: IT7网络, Date: None, Delay: 29 ms, Speed: 39.62 M/s, Resolution: 1920x1080
Name: 东南卫视, URL: https://iptv.catvod.com/live.php?id=%E4%B8%9C%E5%8D%97%E5%8D%AB%E8%A7%86&line=3, From: subscribe, IPv_Type: ipv4, Location: 美国-加利福尼亚州-洛杉矶, ISP: IT7网络, Date: None, Delay: 31 ms, Speed: 33.48 M/s, Resolution: 1920x1080
Name: 甘肃卫视, URL: https://iptv.catvod.com/live.php?id=%E7%94%98%E8%82%83%E5%8D%AB%E8%A7%86&line=2, From: subscribe, IPv_Type: ipv4, Location: 美国-加利福尼亚州-洛杉矶, ISP: IT7网络, Date: None, Delay: 25 ms, Speed: 43.81 M/s, Resolution: 1920x1080
Name: 甘肃卫视, URL: https://iptv.catvod.com/live.php?id=%E7%94%98%E8%82%83%E5%8D%AB%E8%A7%86&line=1, From: subscribe, IPv_Type: ipv4, Location: 美国-加利福尼亚州-洛杉矶, ISP: IT7网络, Date: None, Delay: 28 ms, Speed: 37.83 M/s, Resolution: 1920x1080
Name: 甘肃卫视, URL: https://iptv.catvod.com/live.php?id=%E7%94%98%E8%82%83%E5%8D%AB%E8%A7%86&line=3, From: subscribe, IPv_Type: ipv4, Location: 美国-加利福尼亚州-洛杉矶, ISP: IT7网络, Date: None, Delay: 31 ms, Speed: 32.89 M/s, Resolution: 1920x1080
Name: 甘肃卫视, URL: http://38.75.136.137:98/gslb/dsdqpub/gswshd.m3u8?auth=testpub, From: subscribe, IPv_Type: ipv4, Location: 美国-伊利诺伊州-库克, ISP: Cogent, Date: None, Delay: 10840 ms, Speed: 0.32 M/s, Resolution: 1920x1080
Name: 广西卫视, URL: https://iptv.catvod.com/live.php?id=%E5%B9%BF%E8%A5%BF%E5%8D%AB%E8%A7%86&line=1, From: subscribe, IPv_Type: ipv4, Location: 美国-加利福尼亚州-洛杉矶, ISP: IT7网络, Date: None, Delay: 27 ms, Speed: 43.26 M/s, Resolution: 1920x1080
Name: 广西卫视, URL: https://iptv.catvod.com/live.php?id=%E5%B9%BF%E8%A5%BF%E5%8D%AB%E8%A7%86&line=2, From: subscribe, IPv_Type: ipv4, Location: 美国-加利福尼亚州-洛杉矶, ISP: IT7网络, Date: None, Delay: 28 ms, Speed: 38.10 M/s, Resolution: 1920x1080
Name: 广西卫视, URL: http://23.237.228.134/live6/guangxi.m3u8, From: subscribe, IPv_Type: ipv4, Location: 北美地区, ISP: , Date: None, Delay: 95 ms, Speed: 27.90 M/s, Resolution: 1920x1080
Name: 广西卫视, URL: http://23.237.228.134/live6/guizhou.m3u8, From: subscribe, IPv_Type: ipv4, Location: 北美地区, ISP: , Date: None, Delay: 85 ms, Speed: 23.25 M/s, Resolution: 1920x1080
Name: 贵州卫视, URL: https://iptv.catvod.com/live.php?id=%E8%B4%B5%E5%B7%9E%E5%8D%AB%E8%A7%86&line=4, From: subscribe, IPv_Type: ipv4, Location: 美国-加利福尼亚州-洛杉矶, ISP: IT7网络, Date: None, Delay: 25 ms, Speed: 45.21 M/s, Resolution: 1920x1080
Name: 贵州卫视, URL: https://iptv.catvod.com/live.php?id=%E8%B4%B5%E5%B7%9E%E5%8D%AB%E8%A7%86&line=2, From: subscribe, IPv_Type: ipv4, Location: 美国-加利福尼亚州-洛杉矶, ISP: IT7网络, Date: None, Delay: 32 ms, Speed: 43.77 M/s, Resolution: 1920x1080
Name: 贵州卫视, URL: https://iptv.catvod.com/live.php?id=%E8%B4%B5%E5%B7%9E%E5%8D%AB%E8%A7%86&line=3, From: subscribe, IPv_Type: ipv4, Location: 美国-加利福尼亚州-洛杉矶, ISP: IT7网络, Date: None, Delay: 26 ms, Speed: 40.30 M/s, Resolution: 1920x1080
Name: 贵州卫视, URL: https://iptv.catvod.com/live.php?id=%E8%B4%B5%E5%B7%9E%E5%8D%AB%E8%A7%86&line=1, From: subscribe, IPv_Type: ipv4, Location: 美国-加利福尼亚州-洛杉矶, ISP: IT7网络, Date: None, Delay: 27 ms, Speed: 39.81 M/s, Resolution: 1920x1080
Name: 贵州卫视, URL: https://iptv.catvod.com/live.php?id=%E8%B4%B5%E5%B7%9E%E5%8D%AB%E8%A7%86&line=5, From: subscribe, IPv_Type: ipv4, Location: 美国-加利福尼亚州-洛杉矶, ISP: IT7网络, Date: None, Delay: 28 ms, Speed: 37.20 M/s, Resolution: 1920x1080
Name: 贵州卫视, URL: http://23.237.228.134/live6/hainan.m3u8, From: subscribe, IPv_Type: ipv4, Location: 北美地区, ISP: , Date: None, Delay: 88 ms, Speed: 18.86 M/s, Resolution: 1920x1080
Name: 海南卫视, URL: https://iptv.catvod.com/live.php?id=%E6%B5%B7%E5%8D%97%E5%8D%AB%E8%A7%86&line=2, From: subscribe, IPv_Type: ipv4, Location: 美国-加利福尼亚州-洛杉矶, ISP: IT7网络, Date: None, Delay: 23 ms, Speed: 44.99 M/s, Resolution: 1920x1080
Name: 海南卫视, URL: https://iptv.catvod.com/live.php?id=%E6%B5%B7%E5%8D%97%E5%8D%AB%E8%A7%86&line=1, From: subscribe, IPv_Type: ipv4, Location: 美国-加利福尼亚州-洛杉矶, ISP: IT7网络, Date: None, Delay: 24 ms, Speed: 44.15 M/s, Resolution: 1920x1080
Name: 海南卫视, URL: https://iptv.catvod.com/live.php?id=%E6%B5%B7%E5%8D%97%E5%8D%AB%E8%A7%86&line=3, From: subscribe, IPv_Type: ipv4, Location: 美国-加利福尼亚州-洛杉矶, ISP: IT7网络, Date: None, Delay: 33 ms, Speed: 43.74 M/s, Resolution: 1920x1080
Name: 海南卫视, URL: https://iptv.catvod.com/live.php?id=%E6%B5%B7%E5%8D%97%E5%8D%AB%E8%A7%86&line=4, From: subscribe, IPv_Type: ipv4, Location: 美国-加利福尼亚州-洛杉矶, ISP: IT7网络, Date: None, Delay: 28 ms, Speed: 38.14 M/s, Resolution: 1920x1080
Name: 海南卫视, URL: https://iptv.catvod.com/live.php?id=%E6%B5%B7%E5%8D%97%E5%8D%AB%E8%A7%86&line=5, From: subscribe, IPv_Type: ipv4, Location: 美国-加利福尼亚州-洛杉矶, ISP: IT7网络, Date: None, Delay: 29 ms, Speed: 36.07 M/s, Resolution: 1920x1080
Name: 河北卫视, URL: https://iptv.catvod.com/live.php?id=%E6%B2%B3%E5%8C%97%E5%8D%AB%E8%A7%86&line=3, From: subscribe, IPv_Type: ipv4, Location: 美国-加利福尼亚州-洛杉矶, ISP: IT7网络, Date: None, Delay: 27 ms, Speed: 44.13 M/s, Resolution: 1920x1080
Name: 河北卫视, URL: https://iptv.catvod.com/live.php?id=%E6%B2%B3%E5%8C%97%E5%8D%AB%E8%A7%86&line=6, From: subscribe, IPv_Type: ipv4, Location: 美国-加利福尼亚州-洛杉矶, ISP: IT7网络, Date: None, Delay: 26 ms, Speed: 41.95 M/s, Resolution: 1920x1080
Name: 河北卫视, URL: https://iptv.catvod.com/live.php?id=%E6%B2%B3%E5%8C%97%E5%8D%AB%E8%A7%86&line=1, From: subscribe, IPv_Type: ipv4, Location: 美国-加利福尼亚州-洛杉矶, ISP: IT7网络, Date: None, Delay: 24 ms, Speed: 41.64 M/s, Resolution: 1920x1080
Name: 河北卫视, URL: https://iptv.catvod.com/live.php?id=%E6%B2%B3%E5%8C%97%E5%8D%AB%E8%A7%86&line=2, From: subscribe, IPv_Type: ipv4, Location: 美国-加利福尼亚州-洛杉矶, ISP: IT7网络, Date: None, Delay: 24 ms, Speed: 41.17 M/s, Resolution: 1920x1080
Name: 河北卫视, URL: https://iptv.catvod.com/live.php?id=%E6%B2%B3%E5%8C%97%E5%8D%AB%E8%A7%86&line=4, From: subscribe, IPv_Type: ipv4, Location: 美国-加利福尼亚州-洛杉矶, ISP: IT7网络, Date: None, Delay: 26 ms, Speed: 40.98 M/s, Resolution: 1920x1080
Name: 河北卫视, URL: https://iptv.catvod.com/live.php?id=%E6%B2%B3%E5%8C%97%E5%8D%AB%E8%A7%86&line=5, From: subscribe, IPv_Type: ipv4, Location: 美国-加利福尼亚州-洛杉矶, ISP: IT7网络, Date: None, Delay: 25 ms, Speed: 40.97 M/s, Resolution: 1920x1080
Name: 河南卫视, URL: https://iptv.catvod.com/live.php?id=%E6%B2%B3%E5%8D%97%E5%8D%AB%E8%A7%86&line=2, From: subscribe, IPv_Type: ipv4, Location: 美国-加利福尼亚州-洛杉矶, ISP: IT7网络, Date: None, Delay: 34 ms, Speed: 39.22 M/s, Resolution: 1920x1080
Name: 河南卫视, URL: https://iptv.catvod.com/live.php?id=%E6%B2%B3%E5%8D%97%E5%8D%AB%E8%A7%86&line=5, From: subscribe, IPv_Type: ipv4, Location: 美国-加利福尼亚州-洛杉矶, ISP: IT7网络, Date: None, Delay: 28 ms, Speed: 38.19 M/s, Resolution: 1920x1080
Name: 河南卫视, URL: https://iptv.catvod.com/live.php?id=%E6%B2%B3%E5%8D%97%E5%8D%AB%E8%A7%86&line=4, From: subscribe, IPv_Type: ipv4, Location: 美国-加利福尼亚州-洛杉矶, ISP: IT7网络, Date: None, Delay: 36 ms, Speed: 37.70 M/s, Resolution: 1920x1080
Name: 河南卫视, URL: https://iptv.catvod.com/live.php?id=%E6%B2%B3%E5%8D%97%E5%8D%AB%E8%A7%86&line=6, From: subscribe, IPv_Type: ipv4, Location: 美国-加利福尼亚州-洛杉矶, ISP: IT7网络, Date: None, Delay: 30 ms, Speed: 37.24 M/s, Resolution: 1920x1080
Name: 河南卫视, URL: https://iptv.catvod.com/live.php?id=%E6%B2%B3%E5%8D%97%E5%8D%AB%E8%A7%86&line=3, From: subscribe, IPv_Type: ipv4, Location: 美国-加利福尼亚州-洛杉矶, ISP: IT7网络, Date: None, Delay: 28 ms, Speed: 37.11 M/s, Resolution: 1920x1080
Name: 河南卫视, URL: https://iptv.catvod.com/live.php?id=%E6%B2%B3%E5%8D%97%E5%8D%AB%E8%A7%86&line=1, From: subscribe, IPv_Type: ipv4, Location: 美国-加利福尼亚州-洛杉矶, ISP: IT7网络, Date: None, Delay: 43 ms, Speed: 30.32 M/s, Resolution: 1920x1080
Name: 河南卫视, URL: http://1.94.31.214/php/hntv.php?id=hnws, From: subscribe, IPv_Type: ipv4, Location: 中国-上海-上海, ISP: 华为云, Date: None, Delay: 66 ms, Speed: 6.85 M/s, Resolution: 1920x1080
Name: 吉林卫视, URL: https://iptv.catvod.com/live.php?id=%E5%90%89%E6%9E%97%E5%8D%AB%E8%A7%86&line=3, From: subscribe, IPv_Type: ipv4, Location: 美国-加利福尼亚州-洛杉矶, ISP: IT7网络, Date: None, Delay: 28 ms, Speed: 37.60 M/s, Resolution: 1920x1080
Name: 吉林卫视, URL: https://iptv.catvod.com/live.php?id=%E5%90%89%E6%9E%97%E5%8D%AB%E8%A7%86&line=2, From: subscribe, IPv_Type: ipv4, Location: 美国-加利福尼亚州-洛杉矶, ISP: IT7网络, Date: None, Delay: 28 ms, Speed: 37.56 M/s, Resolution: 1920x1080
Name: 吉林卫视, URL: https://iptv.catvod.com/live.php?id=%E5%90%89%E6%9E%97%E5%8D%AB%E8%A7%86&line=1, From: subscribe, IPv_Type: ipv4, Location: 美国-加利福尼亚州-洛杉矶, ISP: IT7网络, Date: None, Delay: 27 ms, Speed: 36.45 M/s, Resolution: 1920x1080
Name: 吉林卫视, URL: https://iptv.catvod.com/live.php?id=%E5%90%89%E6%9E%97%E5%8D%AB%E8%A7%86&line=4, From: subscribe, IPv_Type: ipv4, Location: 美国-加利福尼亚州-洛杉矶, ISP: IT7网络, Date: None, Delay: 27 ms, Speed: 33.90 M/s, Resolution: 1920x1080
Name: 吉林卫视, URL: https://iptv.catvod.com/live.php?id=%E5%90%89%E6%9E%97%E5%8D%AB%E8%A7%86&line=9, From: subscribe, IPv_Type: ipv4, Location: 美国-加利福尼亚州-洛杉矶, ISP: IT7网络, Date: None, Delay: 32 ms, Speed: 33.16 M/s, Resolution: 1920x1080
Name: 吉林卫视, URL: https://iptv.catvod.com/live.php?id=%E5%90%89%E6%9E%97%E5%8D%AB%E8%A7%86&line=8, From: subscribe, IPv_Type: ipv4, Location: 美国-加利福尼亚州-洛杉矶, ISP: IT7网络, Date: None, Delay: 47 ms, Speed: 27.53 M/s, Resolution: 1920x1080
Name: 吉林卫视, URL: https://iptv.catvod.com/live.php?id=%E5%90%89%E6%9E%97%E5%8D%AB%E8%A7%86&line=6, From: subscribe, IPv_Type: ipv4, Location: 美国-加利福尼亚州-洛杉矶, ISP: IT7网络, Date: None, Delay: 47 ms, Speed: 23.59 M/s, Resolution: 1920x1080
Name: 吉林卫视, URL: https://iptv.catvod.com/live.php?id=%E5%90%89%E6%9E%97%E5%8D%AB%E8%A7%86&line=5, From: subscribe, IPv_Type: ipv4, Location: 美国-加利福尼亚州-洛杉矶, ISP: IT7网络, Date: None, Delay: 45 ms, Speed: 22.74 M/s, Resolution: 1920x1080
Name: 吉林卫视, URL: https://iptv.catvod.com/live.php?id=%E5%90%89%E6%9E%97%E5%8D%AB%E8%A7%86&line=7, From: subscribe, IPv_Type: ipv4, Location: 美国-加利福尼亚州-洛杉矶, ISP: IT7网络, Date: None, Delay: 47 ms, Speed: 20.46 M/s, Resolution: 1920x1080
Name: 江苏卫视, URL: https://iptv.catvod.com/live.php?id=%E6%B1%9F%E8%8B%8F%E5%8D%AB%E8%A7%86&line=2, From: subscribe, IPv_Type: ipv4, Location: 美国-加利福尼亚州-洛杉矶, ISP: IT7网络, Date: None, Delay: 23 ms, Speed: 45.14 M/s, Resolution: 1920x1080
Name: 江苏卫视, URL: https://iptv.catvod.com/live.php?id=%E6%B1%9F%E8%8B%8F%E5%8D%AB%E8%A7%86&line=4, From: subscribe, IPv_Type: ipv4, Location: 美国-加利福尼亚州-洛杉矶, ISP: IT7网络, Date: None, Delay: 26 ms, Speed: 42.96 M/s, Resolution: 1920x1080
Name: 江苏卫视, URL: https://iptv.catvod.com/live.php?id=%E6%B1%9F%E8%8B%8F%E5%8D%AB%E8%A7%86&line=1, From: subscribe, IPv_Type: ipv4, Location: 美国-加利福尼亚州-洛杉矶, ISP: IT7网络, Date: None, Delay: 25 ms, Speed: 41.54 M/s, Resolution: 1920x1080
Name: 江苏卫视, URL: https://iptv.catvod.com/live.php?id=%E6%B1%9F%E8%8B%8F%E5%8D%AB%E8%A7%86&line=8, From: subscribe, IPv_Type: ipv4, Location: 美国-加利福尼亚州-洛杉矶, ISP: IT7网络, Date: None, Delay: 31 ms, Speed: 36.26 M/s, Resolution: 1920x1080
Name: 江苏卫视, URL: https://iptv.catvod.com/live.php?id=%E6%B1%9F%E8%8B%8F%E5%8D%AB%E8%A7%86&line=7, From: subscribe, IPv_Type: ipv4, Location: 美国-加利福尼亚州-洛杉矶, ISP: IT7网络, Date: None, Delay: 42 ms, Speed: 35.84 M/s, Resolution: 1920x1080
Name: 江苏卫视, URL: https://iptv.catvod.com/live.php?id=%E6%B1%9F%E8%8B%8F%E5%8D%AB%E8%A7%86&line=3, From: subscribe, IPv_Type: ipv4, Location: 美国-加利福尼亚州-洛杉矶, ISP: IT7网络, Date: None, Delay: 25 ms, Speed: 35.35 M/s, Resolution: 1920x1080
Name: 江苏卫视, URL: https://iptv.catvod.com/live.php?id=%E6%B1%9F%E8%8B%8F%E5%8D%AB%E8%A7%86&line=6, From: subscribe, IPv_Type: ipv4, Location: 美国-加利福尼亚州-洛杉矶, ISP: IT7网络, Date: None, Delay: 30 ms, Speed: 35.21 M/s, Resolution: 1920x1080
Name: 江苏卫视, URL: https://iptv.catvod.com/live.php?id=%E6%B1%9F%E8%8B%8F%E5%8D%AB%E8%A7%86&line=10, From: subscribe, IPv_Type: ipv4, Location: 美国-加利福尼亚州-洛杉矶, ISP: IT7网络, Date: None, Delay: 31 ms, Speed: 32.46 M/s, Resolution: 1920x1080
Name: 江苏卫视, URL: https://iptv.catvod.com/live.php?id=%E6%B1%9F%E8%8B%8F%E5%8D%AB%E8%A7%86&line=9, From: subscribe, IPv_Type: ipv4, Location: 美国-加利福尼亚州-洛杉矶, ISP: IT7网络, Date: None, Delay: 54 ms, Speed: 30.63 M/s, Resolution: 1920x1080
Name: 江苏卫视, URL: https://iptv.catvod.com/live.php?id=%E6%B1%9F%E8%8B%8F%E5%8D%AB%E8%A7%86&line=5, From: subscribe, IPv_Type: ipv4, Location: 美国-加利福尼亚州-洛杉矶, ISP: IT7网络, Date: None, Delay: 61 ms, Speed: 19.23 M/s, Resolution: 1920x1080
Name: 江苏卫视, URL: https://hlsbkmgsplive.miguvideo.com/migu/kailu/jswshd265/55/20200407/01.m3u8?&HlsSubType=&encrypt=, From: subscribe, IPv_Type: ipv6, Location: 中国, ISP: 中国移动, Date: None, Delay: 2341 ms, Speed: 1.80 M/s, Resolution: 1920x1080
Name: 江西卫视, URL: https://iptv.catvod.com/live.php?id=%E6%B1%9F%E8%A5%BF%E5%8D%AB%E8%A7%86&line=6, From: subscribe, IPv_Type: ipv4, Location: 美国-加利福尼亚州-洛杉矶, ISP: IT7网络, Date: None, Delay: 24 ms, Speed: 45.37 M/s, Resolution: 1920x1080
Name: 江西卫视, URL: https://iptv.catvod.com/live.php?id=%E6%B1%9F%E8%A5%BF%E5%8D%AB%E8%A7%86&line=5, From: subscribe, IPv_Type: ipv4, Location: 美国-加利福尼亚州-洛杉矶, ISP: IT7网络, Date: None, Delay: 28 ms, Speed: 43.20 M/s, Resolution: 1920x1080
Name: 江西卫视, URL: https://iptv.catvod.com/live.php?id=%E6%B1%9F%E8%A5%BF%E5%8D%AB%E8%A7%86&line=2, From: subscribe, IPv_Type: ipv4, Location: 美国-加利福尼亚州-洛杉矶, ISP: IT7网络, Date: None, Delay: 28 ms, Speed: 43.13 M/s, Resolution: 1920x1080
Name: 江西卫视, URL: https://iptv.catvod.com/live.php?id=%E6%B1%9F%E8%A5%BF%E5%8D%AB%E8%A7%86&line=3, From: subscribe, IPv_Type: ipv4, Location: 美国-加利福尼亚州-洛杉矶, ISP: IT7网络, Date: None, Delay: 27 ms, Speed: 42.97 M/s, Resolution: 1920x1080
Name: 江西卫视, URL: https://iptv.catvod.com/live.php?id=%E6%B1%9F%E8%A5%BF%E5%8D%AB%E8%A7%86&line=4, From: subscribe, IPv_Type: ipv4, Location: 美国-加利福尼亚州-洛杉矶, ISP: IT7网络, Date: None, Delay: 25 ms, Speed: 40.43 M/s, Resolution: 1920x1080
Name: 江西卫视, URL: https://iptv.catvod.com/live.php?id=%E6%B1%9F%E8%A5%BF%E5%8D%AB%E8%A7%86&line=1, From: subscribe, IPv_Type: ipv4, Location: 美国-加利福尼亚州-洛杉矶, ISP: IT7网络, Date: None, Delay: 46 ms, Speed: 28.66 M/s, Resolution: 1920x1080
Name: 辽宁卫视, URL: https://iptv.catvod.com/live.php?id=%E8%BE%BD%E5%AE%81%E5%8D%AB%E8%A7%86&line=3, From: subscribe, IPv_Type: ipv4, Location: 美国-加利福尼亚州-洛杉矶, ISP: IT7网络, Date: None, Delay: 26 ms, Speed: 43.38 M/s, Resolution: 1920x1080
Name: 辽宁卫视, URL: https://iptv.catvod.com/live.php?id=%E8%BE%BD%E5%AE%81%E5%8D%AB%E8%A7%86&line=1, From: subscribe, IPv_Type: ipv4, Location: 美国-加利福尼亚州-洛杉矶, ISP: IT7网络, Date: None, Delay: 25 ms, Speed: 40.61 M/s, Resolution: 1920x1080
Name: 辽宁卫视, URL: https://iptv.catvod.com/live.php?id=%E8%BE%BD%E5%AE%81%E5%8D%AB%E8%A7%86&line=2, From: subscribe, IPv_Type: ipv4, Location: 美国-加利福尼亚州-洛杉矶, ISP: IT7网络, Date: None, Delay: 32 ms, Speed: 39.05 M/s, Resolution: 1920x1080
Name: 内蒙古卫视, URL: https://iptv.catvod.com/live.php?id=%E5%86%85%E8%92%99%E5%8F%A4%E5%8D%AB%E8%A7%86&line=3, From: subscribe, IPv_Type: ipv4, Location: 美国-加利福尼亚州-洛杉矶, ISP: IT7网络, Date: None, Delay: 24 ms, Speed: 45.74 M/s, Resolution: 1920x1080
Name: 内蒙古卫视, URL: https://iptv.catvod.com/live.php?id=%E5%86%85%E8%92%99%E5%8F%A4%E5%8D%AB%E8%A7%86&line=2, From: subscribe, IPv_Type: ipv4, Location: 美国-加利福尼亚州-洛杉矶, ISP: IT7网络, Date: None, Delay: 25 ms, Speed: 40.97 M/s, Resolution: 1920x1080
Name: 内蒙古卫视, URL: https://iptv.catvod.com/live.php?id=%E5%86%85%E8%92%99%E5%8F%A4%E5%8D%AB%E8%A7%86&line=1, From: subscribe, IPv_Type: ipv4, Location: 美国-加利福尼亚州-洛杉矶, ISP: IT7网络, Date: None, Delay: 44 ms, Speed: 35.41 M/s, Resolution: 1920x1080
Name: 内蒙古卫视, URL: https://iptv.catvod.com/live.php?id=%E5%86%85%E8%92%99%E5%8F%A4%E5%8D%AB%E8%A7%86&line=4, From: subscribe, IPv_Type: ipv4, Location: 美国-加利福尼亚州-洛杉矶, ISP: IT7网络, Date: None, Delay: 29 ms, Speed: 34.71 M/s, Resolution: 1920x1080
Name: 宁夏卫视, URL: https://iptv.catvod.com/live.php?id=%E5%AE%81%E5%A4%8F%E5%8D%AB%E8%A7%86&line=2, From: subscribe, IPv_Type: ipv4, Location: 美国-加利福尼亚州-洛杉矶, ISP: IT7网络, Date: None, Delay: 28 ms, Speed: 41.70 M/s, Resolution: 1920x1080
Name: 宁夏卫视, URL: https://iptv.catvod.com/live.php?id=%E5%AE%81%E5%A4%8F%E5%8D%AB%E8%A7%86&line=3, From: subscribe, IPv_Type: ipv4, Location: 美国-加利福尼亚州-洛杉矶, ISP: IT7网络, Date: None, Delay: 26 ms, Speed: 39.79 M/s, Resolution: 1920x1080
Name: 宁夏卫视, URL: https://iptv.catvod.com/live.php?id=%E5%AE%81%E5%A4%8F%E5%8D%AB%E8%A7%86&line=1, From: subscribe, IPv_Type: ipv4, Location: 美国-加利福尼亚州-洛杉矶, ISP: IT7网络, Date: None, Delay: 29 ms, Speed: 36.76 M/s, Resolution: 1920x1080
Name: 宁夏卫视, URL: https://iptv.catvod.com/live.php?id=%E5%AE%81%E5%A4%8F%E5%8D%AB%E8%A7%86&line=4, From: subscribe, IPv_Type: ipv4, Location: 美国-加利福尼亚州-洛杉矶, ISP: IT7网络, Date: None, Delay: 31 ms, Speed: 35.87 M/s, Resolution: 1920x1080
Name: 宁夏卫视, URL: http://38.75.136.137:98/gslb/dsdqpub/nxws.m3u8?auth=testpub, From: subscribe, IPv_Type: ipv4, Location: 美国-伊利诺伊州-库克, ISP: Cogent, Date: None, Delay: 3070 ms, Speed: 1.32 M/s, Resolution: 1920x1080
Name: 青海卫视, URL: https://iptv.catvod.com/live.php?id=%E9%9D%92%E6%B5%B7%E5%8D%AB%E8%A7%86&line=2, From: subscribe, IPv_Type: ipv4, Location: 美国-加利福尼亚州-洛杉矶, ISP: IT7网络, Date: None, Delay: 28 ms, Speed: 41.69 M/s, Resolution: 1920x1080
Name: 青海卫视, URL: https://iptv.catvod.com/live.php?id=%E9%9D%92%E6%B5%B7%E5%8D%AB%E8%A7%86&line=1, From: subscribe, IPv_Type: ipv4, Location: 美国-加利福尼亚州-洛杉矶, ISP: IT7网络, Date: None, Delay: 27 ms, Speed: 39.88 M/s, Resolution: 1920x1080
Name: 青海卫视, URL: https://iptv.catvod.com/live.php?id=%E9%9D%92%E6%B5%B7%E5%8D%AB%E8%A7%86&line=3, From: subscribe, IPv_Type: ipv4, Location: 美国-加利福尼亚州-洛杉矶, ISP: IT7网络, Date: None, Delay: 29 ms, Speed: 39.52 M/s, Resolution: 1920x1080
Name: 青海卫视, URL: https://iptv.catvod.com/live.php?id=%E9%9D%92%E6%B5%B7%E5%8D%AB%E8%A7%86&line=5, From: subscribe, IPv_Type: ipv4, Location: 美国-加利福尼亚州-洛杉矶, ISP: IT7网络, Date: None, Delay: 42 ms, Speed: 35.70 M/s, Resolution: 1920x1080
Name: 青海卫视, URL: https://iptv.catvod.com/live.php?id=%E9%9D%92%E6%B5%B7%E5%8D%AB%E8%A7%86&line=4, From: subscribe, IPv_Type: ipv4, Location: 美国-加利福尼亚州-洛杉矶, ISP: IT7网络, Date: None, Delay: 34 ms, Speed: 35.14 M/s, Resolution: 1920x1080
Name: 青海卫视, URL: http://38.75.136.137:98/gslb/dsdqpub/qhws.m3u8?auth=testpub, From: subscribe, IPv_Type: ipv4, Location: 美国-伊利诺伊州-库克, ISP: Cogent, Date: None, Delay: 6864 ms, Speed: 0.72 M/s, Resolution: 1920x1080
Name: 山东卫视, URL: https://iptv.catvod.com/live.php?id=%E5%B1%B1%E4%B8%9C%E5%8D%AB%E8%A7%86&line=1, From: subscribe, IPv_Type: ipv4, Location: 美国-加利福尼亚州-洛杉矶, ISP: IT7网络, Date: None, Delay: 28 ms, Speed: 42.06 M/s, Resolution: 1920x1080
Name: 山东卫视, URL: https://iptv.catvod.com/live.php?id=%E5%B1%B1%E4%B8%9C%E5%8D%AB%E8%A7%86&line=5, From: subscribe, IPv_Type: ipv4, Location: 美国-加利福尼亚州-洛杉矶, ISP: IT7网络, Date: None, Delay: 25 ms, Speed: 41.72 M/s, Resolution: 1920x1080
Name: 山东卫视, URL: https://iptv.catvod.com/live.php?id=%E5%B1%B1%E4%B8%9C%E5%8D%AB%E8%A7%86&line=2, From: subscribe, IPv_Type: ipv4, Location: 美国-加利福尼亚州-洛杉矶, ISP: IT7网络, Date: None, Delay: 31 ms, Speed: 34.06 M/s, Resolution: 1920x1080
Name: 山东卫视, URL: https://iptv.catvod.com/live.php?id=%E5%B1%B1%E4%B8%9C%E5%8D%AB%E8%A7%86&line=4, From: subscribe, IPv_Type: ipv4, Location: 美国-加利福尼亚州-洛杉矶, ISP: IT7网络, Date: None, Delay: 50 ms, Speed: 20.59 M/s, Resolution: 1920x1080
Name: 山东卫视, URL: https://iptv.catvod.com/live.php?id=%E5%B1%B1%E4%B8%9C%E5%8D%AB%E8%A7%86&line=3, From: subscribe, IPv_Type: ipv4, Location: 美国-加利福尼亚州-洛杉矶, ISP: IT7网络, Date: None, Delay: 49 ms, Speed: 20.29 M/s, Resolution: 1920x1080
Name: 山东卫视, URL: https://hlsbkmgsplive.miguvideo.com/wd_r4/yg/shandongwshd/3000/01.m3u8?&HlsSubType=&encrypt=, From: subscribe, IPv_Type: ipv6, Location: 中国, ISP: 中国移动, Date: None, Delay: 1988 ms, Speed: 1.90 M/s, Resolution: 1920x1080
Name: 山西卫视, URL: https://iptv.catvod.com/live.php?id=%E5%B1%B1%E8%A5%BF%E5%8D%AB%E8%A7%86&line=2, From: subscribe, IPv_Type: ipv4, Location: 美国-加利福尼亚州-洛杉矶, ISP: IT7网络, Date: None, Delay: 28 ms, Speed: 42.19 M/s, Resolution: 1920x1080
Name: 山西卫视, URL: https://iptv.catvod.com/live.php?id=%E5%B1%B1%E8%A5%BF%E5%8D%AB%E8%A7%86&line=4, From: subscribe, IPv_Type: ipv4, Location: 美国-加利福尼亚州-洛杉矶, ISP: IT7网络, Date: None, Delay: 27 ms, Speed: 39.90 M/s, Resolution: 1920x1080
Name: 山西卫视, URL: https://iptv.catvod.com/live.php?id=%E5%B1%B1%E8%A5%BF%E5%8D%AB%E8%A7%86&line=3, From: subscribe, IPv_Type: ipv4, Location: 美国-加利福尼亚州-洛杉矶, ISP: IT7网络, Date: None, Delay: 30 ms, Speed: 38.69 M/s, Resolution: 1920x1080
Name: 山西卫视, URL: https://iptv.catvod.com/live.php?id=%E5%B1%B1%E8%A5%BF%E5%8D%AB%E8%A7%86&line=1, From: subscribe, IPv_Type: ipv4, Location: 美国-加利福尼亚州-洛杉矶, ISP: IT7网络, Date: None, Delay: 28 ms, Speed: 38.50 M/s, Resolution: 1920x1080
Name: 山西卫视, URL: http://38.75.136.137:98/gslb/dsdqpub/sxwshd.m3u8?auth=testpub, From: subscribe, IPv_Type: ipv4, Location: 美国-伊利诺伊州-库克, ISP: Cogent, Date: None, Delay: 3554 ms, Speed: 0.84 M/s, Resolution: 1920x1080
Name: 陕西卫视, URL: https://iptv.catvod.com/live.php?id=%E9%99%95%E8%A5%BF%E5%8D%AB%E8%A7%86&line=1, From: subscribe, IPv_Type: ipv4, Location: 美国-加利福尼亚州-洛杉矶, ISP: IT7网络, Date: None, Delay: 28 ms, Speed: 43.08 M/s, Resolution: 1920x1080
Name: 陕西卫视, URL: https://iptv.catvod.com/live.php?id=%E9%99%95%E8%A5%BF%E5%8D%AB%E8%A7%86&line=3, From: subscribe, IPv_Type: ipv4, Location: 美国-加利福尼亚州-洛杉矶, ISP: IT7网络, Date: None, Delay: 29 ms, Speed: 42.80 M/s, Resolution: 1920x1080
Name: 陕西卫视, URL: https://iptv.catvod.com/live.php?id=%E9%99%95%E8%A5%BF%E5%8D%AB%E8%A7%86&line=2, From: subscribe, IPv_Type: ipv4, Location: 美国-加利福尼亚州-洛杉矶, ISP: IT7网络, Date: None, Delay: 28 ms, Speed: 36.98 M/s, Resolution: 1920x1080
Name: 陕西卫视, URL: http://23.237.228.134/live6/sichuan.m3u8, From: subscribe, IPv_Type: ipv4, Location: 北美地区, ISP: , Date: None, Delay: 91 ms, Speed: 22.91 M/s, Resolution: 1920x1080
Name: 陕西卫视, URL: http://38.75.136.137:98/gslb/dsdqpub/snwshd.m3u8?auth=testpub, From: subscribe, IPv_Type: ipv4, Location: 美国-伊利诺伊州-库克, ISP: Cogent, Date: None, Delay: 4941 ms, Speed: 0.86 M/s, Resolution: 1920x1080
Name: 四川卫视, URL: https://iptv.catvod.com/live.php?id=%E5%9B%9B%E5%B7%9D%E5%8D%AB%E8%A7%86&line=1, From: subscribe, IPv_Type: ipv4, Location: 美国-加利福尼亚州-洛杉矶, ISP: IT7网络, Date: None, Delay: 25 ms, Speed: 45.63 M/s, Resolution: 1920x1080
Name: 四川卫视, URL: https://iptv.catvod.com/live.php?id=%E5%9B%9B%E5%B7%9D%E5%8D%AB%E8%A7%86&line=2, From: subscribe, IPv_Type: ipv4, Location: 美国-加利福尼亚州-洛杉矶, ISP: IT7网络, Date: None, Delay: 24 ms, Speed: 44.15 M/s, Resolution: 1920x1080
Name: 四川卫视, URL: https://iptv.catvod.com/live.php?id=%E5%9B%9B%E5%B7%9D%E5%8D%AB%E8%A7%86&line=4, From: subscribe, IPv_Type: ipv4, Location: 美国-加利福尼亚州-洛杉矶, ISP: IT7网络, Date: None, Delay: 28 ms, Speed: 42.63 M/s, Resolution: 1920x1080
Name: 四川卫视, URL: https://iptv.catvod.com/live.php?id=%E5%9B%9B%E5%B7%9D%E5%8D%AB%E8%A7%86, From: subscribe, IPv_Type: ipv4, Location: 美国-加利福尼亚州-洛杉矶, ISP: IT7网络, Date: None, Delay: 25 ms, Speed: 40.18 M/s, Resolution: 1920x1080
Name: 四川卫视, URL: https://iptv.catvod.com/live.php?id=%E5%9B%9B%E5%B7%9D%E5%8D%AB%E8%A7%86&line=3, From: subscribe, IPv_Type: ipv4, Location: 美国-加利福尼亚州-洛杉矶, ISP: IT7网络, Date: None, Delay: 29 ms, Speed: 39.30 M/s, Resolution: 1920x1080
Name: 四川卫视, URL: http://38.75.136.137:98/gslb/dsdqpub/scwshd.m3u8?auth=testpub, From: subscribe, IPv_Type: ipv4, Location: 美国-伊利诺伊州-库克, ISP: Cogent, Date: None, Delay: 6617 ms, Speed: 0.50 M/s, Resolution: 1920x1080
Name: 四川卫视, URL: http://171.83.103.119:9999/rtp/239.69.1.28:9808, From: subscribe, IPv_Type: ipv4, Location: 中国-湖北-武汉, ISP: 电信, Date: None, Delay: 446 ms, Speed: 0.15 M/s, Resolution: None
Name: 四川卫视, URL: http://171.83.103.119:9999/rtp/239.69.2.39:11388, From: subscribe, IPv_Type: ipv4, Location: 中国-湖北-武汉, ISP: 电信, Date: None, Delay: 439 ms, Speed: 0.10 M/s, Resolution: None
Name: 深圳卫视, URL: https://iptv.catvod.com/live.php?id=%E6%B7%B1%E5%9C%B3%E5%8D%AB%E8%A7%86&line=1, From: subscribe, IPv_Type: ipv4, Location: 美国-加利福尼亚州-洛杉矶, ISP: IT7网络, Date: None, Delay: 25 ms, Speed: 43.43 M/s, Resolution: 1920x1080
Name: 深圳卫视, URL: https://iptv.catvod.com/live.php?id=%E6%B7%B1%E5%9C%B3%E5%8D%AB%E8%A7%86&line=3, From: subscribe, IPv_Type: ipv4, Location: 美国-加利福尼亚州-洛杉矶, ISP: IT7网络, Date: None, Delay: 37 ms, Speed: 38.78 M/s, Resolution: 1920x1080
Name: 深圳卫视, URL: https://iptv.catvod.com/live.php?id=%E6%B7%B1%E5%9C%B3%E5%8D%AB%E8%A7%86&line=2, From: subscribe, IPv_Type: ipv4, Location: 美国-加利福尼亚州-洛杉矶, ISP: IT7网络, Date: None, Delay: 27 ms, Speed: 38.47 M/s, Resolution: 1920x1080
Name: 深圳卫视, URL: https://iptv.catvod.com/live.php?id=%E6%B7%B1%E5%9C%B3%E5%8D%AB%E8%A7%86, From: subscribe, IPv_Type: ipv4, Location: 美国-加利福尼亚州-洛杉矶, ISP: IT7网络, Date: None, Delay: 39 ms, Speed: 36.45 M/s, Resolution: 1920x1080
Name: 深圳卫视, URL: http://23.237.228.134/live6/shenzhen.m3u8, From: subscribe, IPv_Type: ipv4, Location: 北美地区, ISP: , Date: None, Delay: 1082 ms, Speed: 4.74 M/s, Resolution: 1920x1080
Name: 深圳卫视, URL: http://38.75.136.137:98/gslb/dsdqpub/szwshd.m3u8?auth=testpub, From: subscribe, IPv_Type: ipv4, Location: 美国-伊利诺伊州-库克, ISP: Cogent, Date: None, Delay: 10823 ms, Speed: 0.39 M/s, Resolution: 1920x1080
Name: 三沙卫视, URL: https://iptv.catvod.com/live.php?id=%E4%B8%89%E6%B2%99%E5%8D%AB%E8%A7%86&line=1, From: subscribe, IPv_Type: ipv4, Location: 美国-加利福尼亚州-洛杉矶, ISP: IT7网络, Date: None, Delay: 26 ms, Speed: 43.32 M/s, Resolution: 1920x1080
Name: 三沙卫视, URL: https://iptv.catvod.com/live.php?id=%E4%B8%89%E6%B2%99%E5%8D%AB%E8%A7%86&line=3, From: subscribe, IPv_Type: ipv4, Location: 美国-加利福尼亚州-洛杉矶, ISP: IT7网络, Date: None, Delay: 32 ms, Speed: 36.72 M/s, Resolution: 1920x1080
Name: 三沙卫视, URL: https://iptv.catvod.com/live.php?id=%E4%B8%89%E6%B2%99%E5%8D%AB%E8%A7%86&line=2, From: subscribe, IPv_Type: ipv4, Location: 美国-加利福尼亚州-洛杉矶, ISP: IT7网络, Date: None, Delay: 39 ms, Speed: 32.30 M/s, Resolution: 1920x1080
Name: 天津卫视, URL: https://iptv.catvod.com/live.php?id=%E5%A4%A9%E6%B4%A5%E5%8D%AB%E8%A7%86&line=3, From: subscribe, IPv_Type: ipv4, Location: 美国-加利福尼亚州-洛杉矶, ISP: IT7网络, Date: None, Delay: 24 ms, Speed: 47.98 M/s, Resolution: 1920x1080
Name: 天津卫视, URL: https://iptv.catvod.com/live.php?id=%E5%A4%A9%E6%B4%A5%E5%8D%AB%E8%A7%86&line=4, From: subscribe, IPv_Type: ipv4, Location: 美国-加利福尼亚州-洛杉矶, ISP: IT7网络, Date: None, Delay: 26 ms, Speed: 46.70 M/s, Resolution: 1920x1080
Name: 天津卫视, URL: https://iptv.catvod.com/live.php?id=%E5%A4%A9%E6%B4%A5%E5%8D%AB%E8%A7%86&line=1, From: subscribe, IPv_Type: ipv4, Location: 美国-加利福尼亚州-洛杉矶, ISP: IT7网络, Date: None, Delay: 27 ms, Speed: 41.06 M/s, Resolution: 1920x1080
Name: 天津卫视, URL: https://iptv.catvod.com/live.php?id=%E5%A4%A9%E6%B4%A5%E5%8D%AB%E8%A7%86&line=2, From: subscribe, IPv_Type: ipv4, Location: 美国-加利福尼亚州-洛杉矶, ISP: IT7网络, Date: None, Delay: 37 ms, Speed: 39.44 M/s, Resolution: 1920x1080
Name: 天津卫视, URL: http://38.75.136.137:98/gslb/dsdqpub/tjwshd.m3u8?auth=testpub, From: subscribe, IPv_Type: ipv4, Location: 美国-伊利诺伊州-库克, ISP: Cogent, Date: None, Delay: 10342 ms, Speed: 0.16 M/s, Resolution: 1920x1080
Name: 西藏卫视, URL: https://iptv.catvod.com/live.php?id=%E8%A5%BF%E8%97%8F%E5%8D%AB%E8%A7%86&line=1, From: subscribe, IPv_Type: ipv4, Location: 美国-加利福尼亚州-洛杉矶, ISP: IT7网络, Date: None, Delay: 40 ms, Speed: 32.33 M/s, Resolution: 1920x1080
Name: 西藏卫视, URL: https://iptv.catvod.com/live.php?id=%E8%A5%BF%E8%97%8F%E5%8D%AB%E8%A7%86&line=2, From: subscribe, IPv_Type: ipv4, Location: 美国-加利福尼亚州-洛杉矶, ISP: IT7网络, Date: None, Delay: 40 ms, Speed: 27.24 M/s, Resolution: 1920x1080
Name: 西藏卫视, URL: https://iptv.catvod.com/live.php?id=%E8%A5%BF%E8%97%8F%E5%8D%AB%E8%A7%86&line=3, From: subscribe, IPv_Type: ipv4, Location: 美国-加利福尼亚州-洛杉矶, ISP: IT7网络, Date: None, Delay: 51 ms, Speed: 26.49 M/s, Resolution: 1920x1080
Name: 西藏卫视, URL: https://iptv.catvod.com/live.php?id=%E8%A5%BF%E8%97%8F%E5%8D%AB%E8%A7%86&line=4, From: subscribe, IPv_Type: ipv4, Location: 美国-加利福尼亚州-洛杉矶, ISP: IT7网络, Date: None, Delay: 47 ms, Speed: 24.31 M/s, Resolution: 1920x1080
Name: 西藏卫视, URL: http://cc02.tv12.xyz/9.m3u8, From: subscribe, IPv_Type: ipv6, Location: 美国, ISP: CloudFlare Inc., Date: None, Delay: 1423 ms, Speed: 0.72 M/s, Resolution: 1920x1080
Name: 新疆卫视, URL: https://iptv.catvod.com/live.php?id=%E6%96%B0%E7%96%86%E5%8D%AB%E8%A7%86&line=2, From: subscribe, IPv_Type: ipv4, Location: 美国-加利福尼亚州-洛杉矶, ISP: IT7网络, Date: None, Delay: 23 ms, Speed: 46.34 M/s, Resolution: 1920x1080
Name: 新疆卫视, URL: https://iptv.catvod.com/live.php?id=%E6%96%B0%E7%96%86%E5%8D%AB%E8%A7%86&line=1, From: subscribe, IPv_Type: ipv4, Location: 美国-加利福尼亚州-洛杉矶, ISP: IT7网络, Date: None, Delay: 24 ms, Speed: 42.93 M/s, Resolution: 1920x1080
Name: 新疆卫视, URL: https://iptv.catvod.com/live.php?id=%E6%96%B0%E7%96%86%E5%8D%AB%E8%A7%86&line=3, From: subscribe, IPv_Type: ipv4, Location: 美国-加利福尼亚州-洛杉矶, ISP: IT7网络, Date: None, Delay: 26 ms, Speed: 39.82 M/s, Resolution: 1920x1080
Name: 新疆卫视, URL: http://218.84.12.186:8001/hls/main/playlist.m3u8?zxinjd;http://218.84.12.186:8001/hls/main/playlist.m3u8zxinjd, From: subscribe, IPv_Type: ipv4, Location: 中国-新疆-伊犁哈萨克自治州, ISP: 电信, Date: None, Delay: 3643 ms, Speed: 0.36 M/s, Resolution: 1920x1080
Name: 云南卫视, URL: https://iptv.catvod.com/live.php?id=%E4%BA%91%E5%8D%97%E5%8D%AB%E8%A7%86&line=3, From: subscribe, IPv_Type: ipv4, Location: 美国-加利福尼亚州-洛杉矶, ISP: IT7网络, Date: None, Delay: 26 ms, Speed: 41.66 M/s, Resolution: 1920x1080
Name: 云南卫视, URL: https://iptv.catvod.com/live.php?id=%E4%BA%91%E5%8D%97%E5%8D%AB%E8%A7%86&line=2, From: subscribe, IPv_Type: ipv4, Location: 美国-加利福尼亚州-洛杉矶, ISP: IT7网络, Date: None, Delay: 26 ms, Speed: 41.31 M/s, Resolution: 1920x1080
Name: 云南卫视, URL: https://iptv.catvod.com/live.php?id=%E4%BA%91%E5%8D%97%E5%8D%AB%E8%A7%86&line=1, From: subscribe, IPv_Type: ipv4, Location: 美国-加利福尼亚州-洛杉矶, ISP: IT7网络, Date: None, Delay: 26 ms, Speed: 40.75 M/s, Resolution: 1920x1080
Name: 云南卫视, URL: http://38.75.136.137:98/gslb/dsdqpub/ynwshd.m3u8?auth=testpub, From: subscribe, IPv_Type: ipv4, Location: 美国-伊利诺伊州-库克, ISP: Cogent, Date: None, Delay: 8490 ms, Speed: 0.41 M/s, Resolution: 1920x1080
Name: 大湾区卫视, URL: https://iptv.catvod.com/live.php?id=%E5%A4%A7%E6%B9%BE%E5%8C%BA%E5%8D%AB%E8%A7%86, From: subscribe, IPv_Type: ipv6, Location: 美国, ISP: CloudFlare Inc., Date: None, Delay: 25 ms, Speed: 45.38 M/s, Resolution: 1920x1080
Name: 大湾区卫视, URL: https://iptv.catvod.com/live.php?id=%E5%A4%A7%E6%B9%BE%E5%8C%BA%E5%8D%AB%E8%A7%86&line=1, From: subscribe, IPv_Type: ipv4, Location: 美国-加利福尼亚州-洛杉矶, ISP: IT7网络, Date: None, Delay: 37 ms, Speed: 43.38 M/s, Resolution: 1920x1080
Name: 大湾区卫视, URL: https://iptv.catvod.com/live.php?id=%E5%A4%A7%E6%B9%BE%E5%8C%BA%E5%8D%AB%E8%A7%86&line=2, From: subscribe, IPv_Type: ipv4, Location: 美国-加利福尼亚州-洛杉矶, ISP: IT7网络, Date: None, Delay: 25 ms, Speed: 42.66 M/s, Resolution: 1920x1080
Name: 大湾区卫视, URL: https://iptv.catvod.com/live.php?id=%E5%A4%A7%E6%B9%BE%E5%8C%BA%E5%8D%AB%E8%A7%86&line=3, From: subscribe, IPv_Type: ipv4, Location: 美国-加利福尼亚州-洛杉矶, ISP: IT7网络, Date: None, Delay: 27 ms, Speed: 41.00 M/s, Resolution: 1920x1080
Name: 浙江钱江, URL: http://ali-m-l.cztv.com/channels/lantian/channel002/1080p.m3u8?zzhed, From: subscribe, IPv_Type: ipv4, Location: 中国-陕西, ISP: 移动, Date: None, Delay: 1313 ms, Speed: 1.27 M/s, Resolution: 1920x1080
Name: 浙江钱江, URL: https://ali-m-l.cztv.com/channels/lantian/channel002/1080p.m3u8, From: subscribe, IPv_Type: ipv4, Location: 中国-陕西, ISP: 移动, Date: None, Delay: 1455 ms, Speed: 1.20 M/s, Resolution: 1920x1080
Name: 浙江生活, URL: https://ali-m-l.cztv.com/channels/lantian/channel003/1080p.m3u8?, From: subscribe, IPv_Type: ipv4, Location: 中国-陕西, ISP: 移动, Date: None, Delay: 1497 ms, Speed: 1.31 M/s, Resolution: 1920x1080
Name: 浙江生活, URL: https://ali-m-l.cztv.com/channels/lantian/channel003/1080p.m3u8, From: subscribe, IPv_Type: ipv4, Location: 中国-陕西, ISP: 移动, Date: None, Delay: 1671 ms, Speed: 1.26 M/s, Resolution: 1920x1080
Name: 浙江生活, URL: http://ali-m-l.cztv.com/channels/lantian/channel003/1080p.m3u8, From: subscribe, IPv_Type: ipv4, Location: 中国-陕西, ISP: 移动, Date: None, Delay: 1718 ms, Speed: 1.25 M/s, Resolution: 1920x1080
Name: 浙江经济生活, URL: http://ali-xwl.cztv.com/live/channel031080Plxw.m3u8, From: subscribe, IPv_Type: ipv4, Location: 美国-加利福尼亚州-洛杉矶, ISP: Level3, Date: None, Delay: 1301 ms, Speed: 4.71 M/s, Resolution: 1920x1080
Name: 浙江教育, URL: https://ali-m-l.cztv.com/channels/lantian/channel004/1080p.m3u8?, From: subscribe, IPv_Type: ipv4, Location: 中国-上海-上海, ISP: 电信, Date: None, Delay: 1466 ms, Speed: 1.25 M/s, Resolution: 1920x1080
Name: 浙江教育, URL: https://ali-m-l.cztv.com/channels/lantian/channel004/1080p.m3u8, From: subscribe, IPv_Type: ipv4, Location: 中国-上海-上海, ISP: 电信, Date: None, Delay: 1846 ms, Speed: 1.14 M/s, Resolution: 1920x1080
Name: 浙江教育, URL: http://ali-m-l.cztv.com/channels/lantian/channel04/720p.m3u8, From: subscribe, IPv_Type: ipv6, Location: 中国-广西-防城港, ISP: 电信, Date: None, Delay: 1157 ms, Speed: 0.80 M/s, Resolution: 1920x1080
Name: 浙江民生, URL: http://ali-m-l.cztv.com/channels/lantian/channel06/1080p.m3u8, From: subscribe, IPv_Type: ipv4, Location: 中国-上海-上海, ISP: 电信, Date: None, Delay: 1496 ms, Speed: 1.53 M/s, Resolution: 1920x1080
Name: 浙江民生, URL: http://ali-m-l.cztv.com/channels/lantian/channel006/1080p.m3u8, From: subscribe, IPv_Type: ipv4, Location: 中国-陕西, ISP: 移动, Date: None, Delay: 1461 ms, Speed: 1.39 M/s, Resolution: 1920x1080
Name: 浙江民生, URL: https://ali-m-l.cztv.com/channels/lantian/channel006/1080p.m3u8?, From: subscribe, IPv_Type: ipv4, Location: 中国-上海-上海, ISP: 电信, Date: None, Delay: 1443 ms, Speed: 1.38 M/s, Resolution: 1920x1080
Name: 浙江民生, URL: https://ali-m-l.cztv.com/channels/lantian/channel006/1080p.m3u8, From: subscribe, IPv_Type: ipv6, Location: 中国-广西-防城港, ISP: 电信, Date: None, Delay: 1460 ms, Speed: 1.36 M/s, Resolution: 1920x1080
Name: 浙江新闻, URL: http://ali-xwl.cztv.com/live/channel071080Plxw.m3u8, From: subscribe, IPv_Type: ipv4, Location: 美国-加利福尼亚州-洛杉矶, ISP: Level3, Date: None, Delay: 46 ms, Speed: 39.35 M/s, Resolution: 1920x1080
Name: 浙江新闻, URL: https://ali-m-l.cztv.com/channels/lantian/channel007/1080p.m3u8, From: subscribe, IPv_Type: ipv4, Location: 中国-陕西, ISP: 移动, Date: None, Delay: 1660 ms, Speed: 1.16 M/s, Resolution: 1920x1080
Name: 浙江教科, URL: http://ali-m-l.cztv.com/channels/lantian/channel004/1080p.m3u8, From: subscribe, IPv_Type: ipv4, Location: 中国-陕西, ISP: 移动, Date: None, Delay: 1344 ms, Speed: 1.33 M/s, Resolution: 1920x1080
Name: 之江纪录, URL: http://ali-m-l.cztv.com/channels/lantian/channel12/1080p.m3u8, From: subscribe, IPv_Type: ipv6, Location: 中国-广西-防城港, ISP: 电信, Date: None, Delay: 1681 ms, Speed: 3.79 M/s, Resolution: 1920x1080
Name: 之江纪录, URL: https://ali-m-l.cztv.com/channels/lantian/channel12/720p.m3u8, From: subscribe, IPv_Type: ipv6, Location: 中国-广西-防城港, ISP: 电信, Date: None, Delay: 1501 ms, Speed: 1.52 M/s, Resolution: 1920x1080
Name: 之江纪录, URL: http://ali-m-l.cztv.com/channels/lantian/channel012/1080p.m3u8, From: subscribe, IPv_Type: ipv4, Location: 中国-陕西, ISP: 移动, Date: None, Delay: 1336 ms, Speed: 1.22 M/s, Resolution: 1920x1080
Name: 之江纪录, URL: https://ali-m-l.cztv.com/channels/lantian/channel012/1080p.m3u8, From: subscribe, IPv_Type: ipv4, Location: 中国-上海-上海, ISP: 电信, Date: None, Delay: 1442 ms, Speed: 1.20 M/s, Resolution: 1920x1080
Name: 浙江国际, URL: http://ali-xwl.cztv.com/live/channel101080Plxw.m3u8, From: subscribe, IPv_Type: ipv4, Location: 美国-加利福尼亚州-洛杉矶, ISP: Level3, Date: None, Delay: 1629 ms, Speed: 3.88 M/s, Resolution: 1920x1080
Name: 嘉兴新闻综合, URL: http://live.zohi.tv/video/s10001-fztv-1/index.m3u8, From: subscribe, IPv_Type: ipv6, Location: 中国, ISP: 中国电信, Date: None, Delay: 2122 ms, Speed: 2.23 M/s, Resolution: 1920x1080
Name: 嘉兴新闻综合, URL: https://live-auth.51kandianshi.com/szgd/csztv1.m3u8, From: subscribe, IPv_Type: ipv4, Location: 中国-江苏-常州, ISP: 电信, Date: None, Delay: 948 ms, Speed: 1.26 M/s, Resolution: 1920x1080
Name: 湖州新闻综合, URL: http://hzcm-live.media.hugd.com/3f5fa7d64c7c46a38c6bd8ad35e836cc/65128273761b4731ae53729ea6dcf932.m3u8?auth_key=2277598215-9d21c15111244bea8d298c361d31a72e-0-d031198f58d44b0e91ba2e3f3b188865&fbl=, From: subscribe, IPv_Type: ipv4, Location: 中国-上海-上海, ISP: 电信, Date: None, Delay: 947 ms, Speed: 0.32 M/s, Resolution: 1280x720
Name: 湖州新闻综合, URL: http://hzcm-live.media.hugd.com/3f5fa7d64c7c46a38c6bd8ad35e836cc/65128273761b4731ae53729ea6dcf932.m3u8?auth_key=2277598215-9d21c15111244bea8d298c361d31a72e-0-d031198f58d44b0e91ba2e3f3b188865&amp;fbl=, From: subscribe, IPv_Type: ipv4, Location: 中国-上海-上海, ISP: 电信, Date: None, Delay: 1061 ms, Speed: 0.30 M/s, Resolution: 1280x720
Name: 湖州新闻综合, URL: http://hzcm-live.media.hugd.com/3f5fa7d64c7c46a38c6bd8ad35e836cc/65128273761b4731ae53729ea6dcf932.m3u8?auth_key=2277598215-9d21c15111244bea8d298c361d31a72e-0-d031198f58d44b0e91ba2e3f3b188865, From: subscribe, IPv_Type: ipv4, Location: 中国-上海-上海, ISP: 电信, Date: None, Delay: 1061 ms, Speed: 0.29 M/s, Resolution: 1280x720
Name: 湖州新闻综合, URL: https://hzcm-live.media.hugd.com/3f5fa7d64c7c46a38c6bd8ad35e836cc/65128273761b4731ae53729ea6dcf932.m3u8?auth_key=2277598215-9d21c15111244bea8d298c361d31a72e-0-d031198f58d44b0e91ba2e3f3b188865, From: subscribe, IPv_Type: ipv4, Location: 中国-上海-上海, ISP: 电信, Date: None, Delay: 1477 ms, Speed: 0.22 M/s, Resolution: 1280x720
Name: 湖州文化娱乐, URL: http://hzcm-live.media.hugd.com/613c47f0ab0d4eaa98b21378d0db6ded/0051d31c9dd543a7825eea4e49675b2a.m3u8?auth_key=2277598059-0a5ebfa1c0dc4671b42a60810fc37039-0-fa625b7d1feab612062453c12e3c8887, From: subscribe, IPv_Type: ipv4, Location: 中国-上海-上海, ISP: 电信, Date: None, Delay: 1593 ms, Speed: 0.85 M/s, Resolution: 1280x720
Name: 湖州文化娱乐, URL: https://hzcm-live.media.hugd.com/613c47f0ab0d4eaa98b21378d0db6ded/0051d31c9dd543a7825eea4e49675b2a.m3u8?auth_key=2277598059-0a5ebfa1c0dc4671b42a60810fc37039-0-fa625b7d1feab612062453c12e3c8887, From: subscribe, IPv_Type: ipv4, Location: 中国-上海-上海, ISP: 电信, Date: None, Delay: 1912 ms, Speed: 0.76 M/s, Resolution: 1280x720
Name: 湖州文化娱乐, URL: http://hzcm-live.media.hugd.com/613c47f0ab0d4eaa98b21378d0db6ded/0051d31c9dd543a7825eea4e49675b2a.m3u8?auth_key=2277598059-0a5ebfa1c0dc4671b42a60810fc37039-0-fa625b7d1feab612062453c12e3c8887&fbl=, From: subscribe, IPv_Type: ipv4, Location: 中国-上海-上海, ISP: 电信, Date: None, Delay: 2377 ms, Speed: 0.72 M/s, Resolution: 1280x720
Name: 浙江留学, URL: https://ali-m-l.cztv.com/channels/lantian/channel009/1080p.m3u8, From: subscribe, IPv_Type: ipv4, Location: 中国-陕西, ISP: 移动, Date: None, Delay: 1077 ms, Speed: 0.35 M/s, Resolution: 1920x1080
Name: 浙江留学, URL: http://ali-vl.cztv.com/channels/lantian/channel009/360p.m3u8, From: subscribe, IPv_Type: ipv6, Location: 中国, ISP: 中国电信, Date: None, Delay: 1236 ms, Speed: 0.19 M/s, Resolution: 1920x1080
Name: 浙江民生休闲, URL: http://ali-xwl.cztv.com/live/channel061080Plxw.m3u8, From: subscribe, IPv_Type: ipv4, Location: 美国-加利福尼亚州-洛杉矶, ISP: Level3, Date: None, Delay: 1795 ms, Speed: 0.92 M/s, Resolution: 1920x1080
Name: 浙江教科影视, URL: http://ali-xwl.cztv.com/live/channel041080Plxw.m3u8, From: subscribe, IPv_Type: ipv4, Location: 美国-加利福尼亚州-洛杉矶, ISP: Level3, Date: None, Delay: 2025 ms, Speed: 0.96 M/s, Resolution: 1920x1080
Name: 浙江休闲台, URL: http://ali-m-l.cztv.com/channels/lantian/channel006/720p.m3u8, From: subscribe, IPv_Type: ipv6, Location: 中国-广西-防城港, ISP: 电信, Date: None, Delay: 1301 ms, Speed: 1.11 M/s, Resolution: 1920x1080
Name: 浙江遂昌, URL: http://l.cztvcloud.com/channels/lantian/SXsuichang1/720p.m3u8?%E5%85%B3%E6%B3%A8%E5%BE%AE%E4%BF%A1%E5%85%AC%E4%BC%97%E5%8F%B7[%E6%99%B4%E5%9B%AD], From: subscribe, IPv_Type: ipv4, Location: 中国-上海-上海, ISP: 电信, Date: None, Delay: 1496 ms, Speed: 0.62 M/s, Resolution: 1920x1080
Name: 浙江遂昌, URL: http://l.cztvcloud.com/channels/lantian/SXsuichang1/720p.m3u8, From: subscribe, IPv_Type: ipv4, Location: 中国-上海-上海, ISP: 电信, Date: None, Delay: 1488 ms, Speed: 0.61 M/s, Resolution: 1920x1080
Name: 诸暨新闻综合, URL: http://l.cztvcloud.com/channels/lantian/SXzhuji3/720p.m3u8?zzhed#EXTINF:-1%20group-title=%22%E2%80%A2%E9%9F%B3%E4%B9%90%22,%E9%9F%B3%E4%B9%90%E7%9F%B3%E6%A6%B4, From: subscribe, IPv_Type: ipv4, Location: 中国-上海-上海, ISP: 电信, Date: None, Delay: 1697 ms, Speed: 1.78 M/s, Resolution: 1920x1080
Name: 诸暨新闻综合, URL: https://l.cztvcloud.com/channels/lantian/SXzhuji3/720p.m3u8, From: subscribe, IPv_Type: ipv6, Location: 中国-江苏-常州, ISP: 电信, Date: None, Delay: 1868 ms, Speed: 1.69 M/s, Resolution: 1920x1080
Name: 诸暨新闻综合, URL: http://l.cztvcloud.com/channels/lantian/SXzhuji3/720p.m3u8?zzhed, From: subscribe, IPv_Type: ipv6, Location: 中国-江苏-常州, ISP: 电信, Date: None, Delay: 1866 ms, Speed: 1.66 M/s, Resolution: 1920x1080
Name: 龙游生活娱乐, URL: https://l.cztvcloud.com/channels/lantian/SXlongyou2/720p.m3u8, From: subscribe, IPv_Type: ipv6, Location: 中国-江苏-常州, ISP: 电信, Date: None, Delay: 1815 ms, Speed: 0.85 M/s, Resolution: 1920x1080
Name: 龙游新闻综合, URL: http://l.cztvcloud.com/channels/lantian/SXlongyou1/720p.m3u8?zzhed, From: subscribe, IPv_Type: ipv6, Location: 中国-江苏-常州, ISP: 电信, Date: None, Delay: 1921 ms, Speed: 1.04 M/s, Resolution: 1920x1080
Name: 龙游新闻综合, URL: https://l.cztvcloud.com/channels/lantian/SXlongyou1/720p.m3u8, From: subscribe, IPv_Type: ipv6, Location: 中国-江苏-常州, ISP: 电信, Date: None, Delay: 2986 ms, Speed: 0.79 M/s, Resolution: 1920x1080
Name: 龙泉新闻综合, URL: http://l.cztvcloud.com/channels/lantian/SXlongquan1/720p.m3u8?zzhed&quot;, From: subscribe, IPv_Type: ipv4, Location: 中国-上海-上海, ISP: 电信, Date: None, Delay: 1734 ms, Speed: 1.09 M/s, Resolution: 1920x1080
Name: 龙泉新闻综合, URL: http://l.cztvcloud.com/channels/lantian/SXlongquan1/720p.m3u8, From: subscribe, IPv_Type: ipv6, Location: 中国-江苏-常州, ISP: 电信, Date: None, Delay: 1589 ms, Speed: 1.06 M/s, Resolution: 1920x1080
Name: 青田电视台, URL: http://l.cztvcloud.com/channels/lantian/SXqingtian1/720p.m3u8, From: subscribe, IPv_Type: ipv6, Location: 中国-江苏-常州, ISP: 电信, Date: None, Delay: 1459 ms, Speed: 0.57 M/s, Resolution: 1920x1080
Name: 遂昌综合, URL: http://l.cztvcloud.com/channels/lantian/SXsuichang1/720p.m3u8?zzhed, From: subscribe, IPv_Type: ipv6, Location: 中国-江苏-常州, ISP: 电信, Date: None, Delay: 1469 ms, Speed: 0.62 M/s, Resolution: 1920x1080
Name: 象山综合, URL: http://play-sh13.quklive.com/live/1702360350551252.m3u8?auth_key=2037107484-800189c57a5a44d3b823b60cf84f6756-0-a6f6828a62d5c167cff5e68735fa0d39, From: subscribe, IPv_Type: ipv4, Location: 美国-加利福尼亚州-圣克拉拉, ISP: AMD公司, Date: None, Delay: 164 ms, Speed: 8.46 M/s, Resolution: 1920x1080
Name: 衢江新闻综合, URL: http://l.cztvcloud.com/channels/lantian/SXqujiang1/720p.m3u8?zzhed, From: subscribe, IPv_Type: ipv6, Location: 中国-江苏-常州, ISP: 电信, Date: None, Delay: 1887 ms, Speed: 1.82 M/s, Resolution: 1920x1080
Name: 萧山生活, URL: http://l.cztvcloud.com/channels/lantian/SXxiaoshan2/720p.m3u8?zzhed, From: subscribe, IPv_Type: ipv6, Location: 中国-江苏-常州, ISP: 电信, Date: None, Delay: 1824 ms, Speed: 1.38 M/s, Resolution: 1920x1080
Name: 萧山新闻综合, URL: http://l.cztvcloud.com/channels/lantian/SXxiaoshan1/720p.m3u8?zzhed, From: subscribe, IPv_Type: ipv6, Location: 中国-江苏-常州, ISP: 电信, Date: None, Delay: 1742 ms, Speed: 1.70 M/s, Resolution: 1920x1080
Name: 萧山新闻综合, URL: https://l.cztvcloud.com/channels/lantian/SXxiaoshan1/720p.m3u8, From: subscribe, IPv_Type: ipv6, Location: 中国-江苏-常州, ISP: 电信, Date: None, Delay: 1889 ms, Speed: 1.61 M/s, Resolution: 1920x1080
Name: 缙云综合, URL: http://l.cztvcloud.com/channels/lantian/SXjinyun1/720p.m3u8?zzhed, From: subscribe, IPv_Type: ipv6, Location: 中国-江苏-常州, ISP: 电信, Date: None, Delay: 1588 ms, Speed: 1.03 M/s, Resolution: 1920x1080
Name: 缙云新闻综合, URL: http://l.cztvcloud.com/channels/lantian/SXjinyun1/720p.m3u8, From: subscribe, IPv_Type: ipv6, Location: 中国-江苏-常州, ISP: 电信, Date: None, Delay: 1651 ms, Speed: 1.02 M/s, Resolution: 1920x1080
Name: 绍兴电视台公共, URL: http://live.shaoxing.com.cn/video/s10001-sxtv2/index.m3u8?%E5%85%B3%E6%B3%A8%E5%BE%AE%E4%BF%A1%E5%85%AC%E4%BC%97%E5%8F%B7[%E6%99%B4%E5%9B%AD], From: subscribe, IPv_Type: ipv4, Location: 中国-浙江-绍兴, ISP: 电信, Date: None, Delay: 10168 ms, Speed: 0.05 M/s, Resolution: 1280x720
Name: 绍兴新闻综合, URL: http://live.shaoxing.com.cn/video/s10001-sxtv1/index.m3u8?zzhed, From: subscribe, IPv_Type: ipv4, Location: 中国-浙江-绍兴, ISP: 电信, Date: None, Delay: 10155 ms, Speed: 0.04 M/s, Resolution: 720x576
Name: 绍兴新闻综合, URL: http://live.shaoxing.com.cn/video/s10001-sxtv1/index.m3u8, From: subscribe, IPv_Type: ipv4, Location: 中国-浙江-绍兴, ISP: 电信, Date: None, Delay: 10112 ms, Speed: 0.04 M/s, Resolution: 720x576
Name: 绍兴新闻综合, URL: http://live.shaoxing.com.cn/video/s10001-sxhb/index.m3u8?zzhed#http://live.shaoxing.com.cn/video/s10001-sxhb/index.m3u8#http://live.shaoxing.com.cn/video/s10001-sxtv1/index.m3u8?zzhed#http://live.shaoxing.com.cn/video/s10001-sxtv1/index.m3u8, From: subscribe, IPv_Type: ipv4, Location: 中国-浙江-绍兴, ISP: 电信, Date: None, Delay: 10125 ms, Speed: 0.03 M/s, Resolution: 1280x720
Name: 绍兴新闻综合, URL: http://live.shaoxing.com.cn/video/s10001-sxhb/index.m3u8?zzhed, From: subscribe, IPv_Type: ipv4, Location: 中国-浙江-绍兴, ISP: 电信, Date: None, Delay: 10136 ms, Speed: 0.03 M/s, Resolution: 1280x720
Name: 绍兴新闻综合, URL: http://live.shaoxing.com.cn/video/s10001-sxhb/index.m3u8, From: subscribe, IPv_Type: ipv4, Location: 中国-浙江-绍兴, ISP: 电信, Date: None, Delay: 10498 ms, Speed: 0.03 M/s, Resolution: 1280x720
Name: 绍兴文化影院, URL: http://live.shaoxing.com.cn/video/s10001-sxtv3/index.m3u8, From: subscribe, IPv_Type: ipv4, Location: 中国-浙江-绍兴, ISP: 电信, Date: None, Delay: 10731 ms, Speed: 0.05 M/s, Resolution: 1280x720
Name: 绍兴文化影院, URL: http://live.shaoxing.com.cn/video/s10001-sxtv3/index.m3u8?zzhed#http://live.shaoxing.com.cn/video/s10001-sxtv3/index.m3u8, From: subscribe, IPv_Type: ipv4, Location: 中国-浙江-绍兴, ISP: 电信, Date: None, Delay: 10101 ms, Speed: 0.03 M/s, Resolution: 1280x720
Name: 绍兴文化影院, URL: http://live.shaoxing.com.cn/video/s10001-sxtv3/index.m3u8?zzhed, From: subscribe, IPv_Type: ipv4, Location: 中国-浙江-绍兴, ISP: 电信, Date: None, Delay: 10335 ms, Speed: 0.01 M/s, Resolution: 1280x720
Name: 湖州公共民生, URL: http://hzcm-live.media.hugd.com/1e6b554b9ab74513958c0e1ffe664d22/9acaa7634309494cb29a85eb12136607.m3u8?auth_key=2272900830-9a2389b8bf4e49d580d4ad807423d326-0-ea78a5c7a678c436263582d368f5009e, From: subscribe, IPv_Type: ipv4, Location: 中国-上海-上海, ISP: 电信, Date: None, Delay: 1060 ms, Speed: 0.34 M/s, Resolution: 1280x720
Name: 海宁新闻综合, URL: https://p2hs.vzan.com/slowlive/317913155078575177/live.m3u8, From: subscribe, IPv_Type: ipv4, Location: 中国-广东-东莞, ISP: 鹏博士BGP, Date: None, Delay: 563 ms, Speed: 1.35 M/s, Resolution: 1280x720
Name: 海宁新闻综合, URL: https://p2hs.vzan.com/slowlive/317913155078575177/live.m3u8?zbid=293304&tpid=1708007815, From: subscribe, IPv_Type: ipv4, Location: 中国-河北-石家庄, ISP: 鹏博士宽带, Date: None, Delay: 622 ms, Speed: 1.19 M/s, Resolution: 1280x720
Name: 海宁新闻综合, URL: http://p2hs.vzan.com/slowlive/317913155078575177/live.m3u8, From: subscribe, IPv_Type: ipv4, Location: 中国-广东-东莞, ISP: 鹏博士BGP, Date: None, Delay: 710 ms, Speed: 1.00 M/s, Resolution: 1280x720
Name: 洞头综合, URL: http://l.cztvcloud.com/channels/lantian/SXdongtou1/720p.m3u8, From: subscribe, IPv_Type: ipv6, Location: 中国-江苏-常州, ISP: 电信, Date: None, Delay: 1916 ms, Speed: 1.01 M/s, Resolution: 1920x1080
Name: 武义新闻综合, URL: http://l.cztvcloud.com/channels/lantian/SXwuyi1/720p.m3u8, From: subscribe, IPv_Type: ipv6, Location: 中国-江苏-常州, ISP: 电信, Date: None, Delay: 1589 ms, Speed: 0.72 M/s, Resolution: 1920x1080
Name: 松阳综合, URL: http://l.cztvcloud.com/channels/lantian/SXsongyang1/720p.m3u8?zzhed?, From: subscribe, IPv_Type: ipv4, Location: 中国-上海-上海, ISP: 电信, Date: None, Delay: 2020 ms, Speed: 4.11 M/s, Resolution: 1920x1080
Name: 松阳综合, URL: http://l.cztvcloud.com/channels/lantian/SXsongyang1/720p.m3u8?fbl=, From: subscribe, IPv_Type: ipv6, Location: 中国, ISP: 中国电信, Date: None, Delay: 2099 ms, Speed: 3.93 M/s, Resolution: 1920x1080
Name: 松阳综合, URL: http://l.cztvcloud.com/channels/lantian/SXsongyang1/720p.m3u8, From: subscribe, IPv_Type: ipv6, Location: 中国, ISP: 中国电信, Date: None, Delay: 2144 ms, Speed: 3.82 M/s, Resolution: 1920x1080
Name: 普陀电视台, URL: http://l.cztvcloud.com/channels/lantian/SXputuo1/720p.m3u8?zzhed#http://l.cztvcloud.com/channels/lantian/SXputuo1/720p.m3u8, From: subscribe, IPv_Type: ipv6, Location: 中国-江苏-常州, ISP: 电信, Date: None, Delay: 1663 ms, Speed: 1.03 M/s, Resolution: 1920x1080
Name: 普陀电视台, URL: https://l.cztvcloud.com/channels/lantian/SXputuo1/720p.m3u8, From: subscribe, IPv_Type: ipv6, Location: 中国-江苏-常州, ISP: 电信, Date: None, Delay: 1776 ms, Speed: 0.96 M/s, Resolution: 1920x1080
Name: 新昌生活, URL: http://l.cztvcloud.com/channels/lantian/SXxinchang2/720p.m3u8, From: subscribe, IPv_Type: ipv6, Location: 中国-江苏-常州, ISP: 电信, Date: None, Delay: 1540 ms, Speed: 0.75 M/s, Resolution: 1920x1080
Name: 文成新闻综合, URL: http://l.cztvcloud.com/channels/lantian/SXwencheng1/720p.m3u8, From: subscribe, IPv_Type: ipv6, Location: 中国-江苏-常州, ISP: 电信, Date: None, Delay: 1577 ms, Speed: 1.04 M/s, Resolution: 1920x1080
Name: 开化新闻综合, URL: http://l.cztvcloud.com/channels/lantian/SXkaihua1/720p.m3u8?zzhed, From: subscribe, IPv_Type: ipv6, Location: 中国-江苏-常州, ISP: 电信, Date: None, Delay: 1716 ms, Speed: 1.02 M/s, Resolution: 1920x1080
Name: 开化国家公园, URL: http://l.cztvcloud.com/channels/lantian/SXkaihua2/720p.m3u8zzhed, From: subscribe, IPv_Type: ipv6, Location: 中国-江苏-常州, ISP: 电信, Date: None, Delay: 1589 ms, Speed: 1.02 M/s, Resolution: 1920x1080
Name: 庆元综合, URL: http://l.cztvcloud.com/channels/lantian/SXqingyuan1/720p.m3u8?%E5%85%B3%E6%B3%A8%E5%BE%AE%E4%BF%A1%E5%85%AC%E4%BC%97%E5%8F%B7[%E6%99%B4%E5%9B%AD], From: subscribe, IPv_Type: ipv4, Location: 中国-上海-上海, ISP: 电信, Date: None, Delay: 1648 ms, Speed: 1.35 M/s, Resolution: 1920x1080
Name: 庆元综合, URL: http://l.cztvcloud.com/channels/lantian/SXqingyuan1/720p.m3u8?zzhed?, From: subscribe, IPv_Type: ipv4, Location: 中国-上海-上海, ISP: 电信, Date: None, Delay: 1803 ms, Speed: 1.33 M/s, Resolution: 1920x1080
Name: 庆元综合, URL: http://l.cztvcloud.com/channels/lantian/SXqingyuan1/720p.m3u8?zzhed[浙江]洞头综合频道, From: subscribe, IPv_Type: ipv4, Location: 中国-上海-上海, ISP: 电信, Date: None, Delay: 1761 ms, Speed: 1.33 M/s, Resolution: 1920x1080
Name: 庆元综合, URL: http://l.cztvcloud.com/channels/lantian/SXqingyuan1/720p.m3u8?zzhed, From: subscribe, IPv_Type: ipv6, Location: 中国-江苏-常州, ISP: 电信, Date: None, Delay: 1795 ms, Speed: 1.31 M/s, Resolution: 1920x1080
Name: 庆元综合, URL: http://l.cztvcloud.com/channels/lantian/SXqingyuan1/720p.m3u8, From: subscribe, IPv_Type: ipv6, Location: 中国-江苏-常州, ISP: 电信, Date: None, Delay: 2674 ms, Speed: 1.09 M/s, Resolution: 1920x1080
Name: 平湖民生休闲, URL: http://l.cztvcloud.com/channels/lantian/SXpinghu2/720p.m3u8?zzhed, From: subscribe, IPv_Type: ipv6, Location: 中国-江苏-常州, ISP: 电信, Date: None, Delay: 1254 ms, Speed: 0.27 M/s, Resolution: 1920x1080
Name: 平湖新闻综合, URL: http://l.cztvcloud.com/channels/lantian/SXpinghu1/720p.m3u8?zzhed, From: subscribe, IPv_Type: ipv6, Location: 中国-江苏-常州, ISP: 电信, Date: None, Delay: 1879 ms, Speed: 1.99 M/s, Resolution: 1920x1080
Name: 嵊泗综合, URL: http://l.cztvcloud.com/channels/lantian/SXshengsi1/720p.m3u8, From: subscribe, IPv_Type: ipv6, Location: 中国, ISP: 中国电信, Date: None, Delay: 1710 ms, Speed: 1.02 M/s, Resolution: 720x576
Name: 嵊州新闻综合, URL: http://l.cztvcloud.com/channels/lantian/SXshengzhou1/720p.m3u8?zzhed#http://l.cztvcloud.com/channels/lantian/SXshengzhou1/720p.m3u8, From: subscribe, IPv_Type: ipv6, Location: 中国-江苏-常州, ISP: 电信, Date: None, Delay: 1700 ms, Speed: 1.06 M/s, Resolution: 1920x1080
Name: 兰溪新闻综合, URL: http://l.cztvcloud.com/channels/lantian/SXlanxi1/720p.m3u8, From: subscribe, IPv_Type: ipv6, Location: 中国-江苏-常州, ISP: 电信, Date: None, Delay: 1781 ms, Speed: 1.12 M/s, Resolution: 1920x1080
Name: 余杭综合, URL: http://l.cztvcloud.com/channels/lantian/SXyuhang1/720p.m3u8?cWlkPSZzPTg3OWMwYmMyZDMzYTFhZGY3NDQxMjgyYTg1MmUzNTY0JmVzPTE3MDY2Nzc4NzMmdXVpZD0yMjdiY2MzNGNiNGY0MThlYjRiY2IxYzcwNmZjODNkMS02NzQ3NDY2NyZ2PTImYXM9MCZjZG5leF9pZD10eF9waG9uZV9saXZl, From: subscribe, IPv_Type: ipv4, Location: 中国-上海-上海, ISP: 电信, Date: None, Delay: 1472 ms, Speed: 0.83 M/s, Resolution: 1920x1080
Name: 余杭综合, URL: http://l.cztvcloud.com/channels/lantian/SXyuhang1/720p.m3u8?zzhed, From: subscribe, IPv_Type: ipv4, Location: 中国-上海-上海, ISP: 电信, Date: None, Delay: 1521 ms, Speed: 0.83 M/s, Resolution: 1920x1080
Name: 余杭综合, URL: http://l.cztvcloud.com/channels/lantian/SXyuhang1/720p.m3u8, From: subscribe, IPv_Type: ipv6, Location: 中国-江苏-常州, ISP: 电信, Date: None, Delay: 1672 ms, Speed: 0.78 M/s, Resolution: 1920x1080
Name: 余杭未来E, URL: http://l.cztvcloud.com/channels/lantian/SXyuhang3/720p.m3u8?zzhed, From: subscribe, IPv_Type: ipv4, Location: 中国-上海-上海, ISP: 电信, Date: None, Delay: 1652 ms, Speed: 1.17 M/s, Resolution: 1920x1080
Name: 余姚综合, URL: https://l.cztvcloud.com/channels/lantian/SXyuyao1/720p.m3u8, From: subscribe, IPv_Type: ipv4, Location: 中国-上海-上海, ISP: 电信, Date: None, Delay: 2278 ms, Speed: 0.94 M/s, Resolution: 1920x1080
Name: 余姚姚江文化, URL: https://l.cztvcloud.com/channels/lantian/SXyuyao3/720p.m3u8, From: subscribe, IPv_Type: ipv6, Location: 中国-江苏-常州, ISP: 电信, Date: None, Delay: 1718 ms, Speed: 0.69 M/s, Resolution: 1920x1080
Name: 云和新闻综合, URL: http://l.cztvcloud.com/channels/lantian/SXyunhe1/720p.m3u8, From: subscribe, IPv_Type: ipv6, Location: 中国-江苏-常州, ISP: 电信, Date: None, Delay: 1799 ms, Speed: 1.47 M/s, Resolution: 1920x1080
Name: 东阳影视生活, URL: http://l.cztvcloud.com/channels/lantian/SXdongyang1/720p.m3u8, From: subscribe, IPv_Type: ipv6, Location: 中国-江苏-常州, ISP: 电信, Date: None, Delay: 1734 ms, Speed: 1.67 M/s, Resolution: 1920x1080
Name: 上虞新闻综合, URL: http://l.cztvcloud.com/channels/lantian/SXshangyu1/720p.m3u8?zzhed, From: subscribe, IPv_Type: ipv6, Location: 中国-江苏-常州, ISP: 电信, Date: None, Delay: 1791 ms, Speed: 1.83 M/s, Resolution: 1920x1080
Name: 上虞新闻综合, URL: http://l.cztvcloud.com/channels/lantian/SXshangyu1/720p.m3u8?cWlkPSZzPTg3OWMwYmMyZDMzYTFhZGY3NDQxMjgyYTg1MmUzNTY0JmVzPTE3MDY2Nzc4NzMmdXVpZD0yMjdiY2MzNGNiNGY0MThlYjRiY2IxYzcwNmZjODNkMS02NzQ3NDY2NyZ2PTImYXM9MCZjZG5leF9pZD10eF9waG9uZV9saXZl, From: subscribe, IPv_Type: ipv4, Location: 中国-上海-上海, ISP: 电信, Date: None, Delay: 1828 ms, Speed: 1.80 M/s, Resolution: 1920x1080
Name: 上虞文化影院, URL: http://l.cztvcloud.com/channels/lantian/SXshangyu2/720p.m3u8, From: subscribe, IPv_Type: ipv6, Location: 中国, ISP: 中国电信, Date: None, Delay: 1925 ms, Speed: 1.83 M/s, Resolution: 1920x1080
Name: 北京卡酷少儿, URL: http://61.184.46.85:9901/tsfile/live/1027_1.m3u8?key=txiptv&playlive=1&authid=0, From: subscribe, IPv_Type: ipv4, Location: 中国-湖北-荆州, ISP: 电信, Date: None, Delay: 10914 ms, Speed: 0.26 M/s, Resolution: 1920x1080
Name: 北京卡酷少儿, URL: http://218.13.170.98:9901/tsfile/live/1021_1.m3u8, From: subscribe, IPv_Type: ipv4, Location: 中国-广东-佛山, ISP: 电信, Date: None, Delay: 10082 ms, Speed: 0.06 M/s, Resolution: 720x576
Name: 北京卡酷少儿, URL: http://58.57.40.22:9901/tsfile/live/1060_1.m3u8, From: subscribe, IPv_Type: ipv4, Location: 中国-山东-临沂, ISP: 电信, Date: None, Delay: 10792 ms, Speed: 0.00 M/s, Resolution: None
Name: 北京新闻, URL: https://satellitepull.cnr.cn/live/wxbjxwgb/playlist.m3u8, From: subscribe, IPv_Type: ipv4, Location: 美国-德克萨斯州-达拉斯, ISP: 网宿科技CDN节点, Date: None, Delay: 93 ms, Speed: 1.14 M/s, Resolution: None
Name: 北京生活, URL: https://wstvcpudali.v.myalicdn.com/wstvcpud/udrmbtv7_1/index.m3u8?adapt=0&BR=audio, From: subscribe, IPv_Type: ipv4, Location: 中国-上海-上海, ISP: 电信, Date: None, Delay: 1212 ms, Speed: 0.09 M/s, Resolution: None
Name: 北京科教, URL: http://player.cntv.cn/standard/live_HLSDRM20180606.swf?ChannelID=btv3&P2PChannelID=pd://cctv_p2p_hdbtv3, From: subscribe, IPv_Type: ipv4, Location: 美国, ISP: CDNetworks, Date: None, Delay: 20 ms, Speed: 5.40 M/s, Resolution: 19x24
Name: 北京财经, URL: https://wstvcpudali.v.myalicdn.com/wstvcpud/udrmbtv5_1/index.m3u8?adapt=0&BR=audio, From: subscribe, IPv_Type: ipv4, Location: 中国-上海-上海, ISP: 电信, Date: None, Delay: 1070 ms, Speed: 0.08 M/s, Resolution: None
Name: 北京青年, URL: http://player.cntv.cn/standard/live_HLSDRM20180919.swf?v=180.171.5.8.9.6.3.9&ChannelID=btv8&videoTVChannel=btv8&P2PChannelID=pd://cctv_p2p_hdbtv8&tai=btv8&VideoName=btv8&channelID=btv8, From: subscribe, IPv_Type: ipv4, Location: 美国, ISP: CDNetworks, Date: None, Delay: 300 ms, Speed: 1.65 M/s, Resolution: 19x24
Name: 上海新闻综合, URL: https://iptv.catvod.com/live.php?id=%E4%B8%8A%E6%B5%B7%E6%96%B0%E9%97%BB%E7%BB%BC%E5%90%88, From: subscribe, IPv_Type: ipv4, Location: 美国-加利福尼亚州-洛杉矶, ISP: IT7网络, Date: None, Delay: 31 ms, Speed: 45.12 M/s, Resolution: 1920x1080
Name: 上海新闻综合, URL: https://iptv.catvod.com/live.php?id=%E4%B8%8A%E6%B5%B7%E6%96%B0%E9%97%BB%E7%BB%BC%E5%90%88&line=1, From: subscribe, IPv_Type: ipv4, Location: 美国-加利福尼亚州-洛杉矶, ISP: IT7网络, Date: None, Delay: 31 ms, Speed: 39.10 M/s, Resolution: 1920x1080
Name: 东方财经, URL: http://115.150.63.77:9902/tsfile/live/1042_1.m3u8, From: subscribe, IPv_Type: ipv4, Location: 中国-江西-赣州, ISP: 电信, Date: None, Delay: 10256 ms, Speed: 0.06 M/s, Resolution: 1920x1080
Name: 东方财经, URL: rtsp://115.153.245.70/PLTV/88888888/224/3221225609/iptv7995.smil, From: subscribe, IPv_Type: ipv4, Location: 中国-江西-宜春, ISP: 电信, Date: None, Delay: 10005 ms, Speed: 0.00 M/s, Resolution: None
Name: 东方财经, URL: rtsp://115.153.254.81/PLTV/88888888/224/3221225609/iptv7995.smil, From: subscribe, IPv_Type: ipv4, Location: 中国-江西-宜春, ISP: 电信, Date: None, Delay: 10006 ms, Speed: 0.00 M/s, Resolution: None
Name: 东方财经, URL: rtsp://115.153.240.228:554/PLTV/88888888/224/3221225609/iptv7995.smil, From: subscribe, IPv_Type: ipv4, Location: 中国-江西-宜春, ISP: 电信, Date: None, Delay: 10005 ms, Speed: 0.00 M/s, Resolution: None
Name: 东方财经, URL: rtsp://115.153.212.72/PLTV/88888888/224/3221225609/iptv7995.smil, From: subscribe, IPv_Type: ipv4, Location: 中国-江西-宜春, ISP: 电信, Date: None, Delay: 10004 ms, Speed: 0.00 M/s, Resolution: None
Name: 东方财经, URL: rtsp://115.153.233.154/PLTV/88888888/224/3221225609/iptv7995.smil, From: subscribe, IPv_Type: ipv4, Location: 中国-江西-宜春, ISP: 电信, Date: None, Delay: 10006 ms, Speed: 0.00 M/s, Resolution: None
Name: 全纪实, URL: http://183.215.134.239:19901/tsfile/live/1003_1.m3u8?key=txiptv&playlive=1&authid=0, From: subscribe, IPv_Type: ipv4, Location: 中国-湖南-长沙, ISP: 移动, Date: None, Delay: 10326 ms, Speed: 0.27 M/s, Resolution: 1920x1080
Name: 新闻综合, URL: https://m3u8channel.yunxya.com/nmip-media/channellive/channel100028/playlist.m3u8, From: subscribe, IPv_Type: ipv4, Location: 中国-广东-东莞, ISP: 电信, Date: None, Delay: 1892 ms, Speed: 0.79 M/s, Resolution: 1920x1080
Name: 欢笑剧场, URL: rtsp://115.153.245.70/PLTV/88888888/224/3221225734/10000100000000060000000000901456_0.smil, From: subscribe, IPv_Type: ipv4, Location: 中国-江西-宜春, ISP: 电信, Date: None, Delay: 10005 ms, Speed: 0.00 M/s, Resolution: None
Name: 欢笑剧场, URL: rtsp://123.147.112.17:8089/04000001/01000000004000000000000000000411?AuthInfo=xxx&userid=gf001&userid=gf001, From: subscribe, IPv_Type: ipv4, Location: 中国-重庆-重庆, ISP: 联通, Date: None, Delay: 10005 ms, Speed: 0.00 M/s, Resolution: None
Name: 欢笑剧场, URL: http://183.220.107.138:4022/rtp/239.10.0.129:5140, From: subscribe, IPv_Type: ipv4, Location: 中国-四川-成都, ISP: 移动, Date: None, Delay: 385 ms, Speed: 0.00 M/s, Resolution: None
Name: 法治天地, URL: http://171.83.103.119:9999/rtp/239.69.2.10:11214, From: subscribe, IPv_Type: ipv4, Location: 中国-湖北-武汉, ISP: 电信, Date: None, Delay: 448 ms, Speed: 0.10 M/s, Resolution: 0x0
Name: 法治天地, URL: http://218.78.179.62:7777/tsfile/live/1035_1.m3u8?key=txiptv&playlive=1&authid=0, From: subscribe, IPv_Type: ipv4, Location: 中国-上海-上海, ISP: 电信, Date: None, Delay: 10389 ms, Speed: 0.06 M/s, Resolution: 720x576
Name: 法治天地, URL: http://dassby.qqff.top:99/live/法治天地/index.m3u8, From: subscribe, IPv_Type: ipv4, Location: 中国-辽宁-鞍山, ISP: 联通, Date: None, Delay: 10167 ms, Speed: 0.00 M/s, Resolution: None
Name: 法治天地, URL: rtsp://115.153.245.70/PLTV/88888888/224/3221225607/iptv7994.smil, From: subscribe, IPv_Type: ipv4, Location: 中国-江西-宜春, ISP: 电信, Date: None, Delay: 10006 ms, Speed: 0.00 M/s, Resolution: None
Name: 法治天地, URL: rtsp://115.153.254.81/PLTV/88888888/224/3221225607/iptv7994.smil, From: subscribe, IPv_Type: ipv4, Location: 中国-江西-宜春, ISP: 电信, Date: None, Delay: 10006 ms, Speed: 0.00 M/s, Resolution: None
Name: 法治天地, URL: rtsp://115.153.240.228:554/PLTV/88888888/224/3221225607/iptv7994.smil, From: subscribe, IPv_Type: ipv4, Location: 中国-江西-宜春, ISP: 电信, Date: None, Delay: 10008 ms, Speed: 0.00 M/s, Resolution: None
Name: 法治天地, URL: rtsp://115.153.212.72/PLTV/88888888/224/3221225607/iptv7994.smil, From: subscribe, IPv_Type: ipv4, Location: 中国-江西-宜春, ISP: 电信, Date: None, Delay: 10007 ms, Speed: 0.00 M/s, Resolution: None
Name: 法治天地, URL: rtsp://115.153.247.80/PLTV/88888888/224/3221225607/iptv7994.smil, From: subscribe, IPv_Type: ipv4, Location: 中国-江西-宜春, ISP: 电信, Date: None, Delay: 10006 ms, Speed: 0.00 M/s, Resolution: None
Name: 法治天地, URL: rtsp://115.153.233.154/PLTV/88888888/224/3221225607/iptv7994.smil, From: subscribe, IPv_Type: ipv4, Location: 中国-江西-宜春, ISP: 电信, Date: None, Delay: 10005 ms, Speed: 0.00 M/s, Resolution: None
Name: 法治天地, URL: rtsp://115.153.230.145/PLTV/88888888/224/3221225607/iptv7994.smil, From: subscribe, IPv_Type: ipv4, Location: 中国-江西-宜春, ISP: 电信, Date: None, Delay: 10005 ms, Speed: 0.00 M/s, Resolution: None
Name: 法治天地, URL: rtsp://115.153.222.112:554/PLTV/88888888/224/3221225607/iptv7994.smil, From: subscribe, IPv_Type: ipv4, Location: 中国-江西-宜春, ISP: 电信, Date: None, Delay: 10006 ms, Speed: 0.00 M/s, Resolution: None
Name: 法治天地, URL: rtsp://139.215.98.88/PLTV/88888888/224/3221225880/10000100000000060000000015948516_0.smil, From: subscribe, IPv_Type: ipv4, Location: 中国-吉林-长春, ISP: 联通, Date: None, Delay: 10005 ms, Speed: 0.00 M/s, Resolution: None
Name: 法治天地, URL: rtsp://10.15.250.13/PLTV/88888888/224/3221226714/10000100000000060000000006385213_0.smil, From: subscribe, IPv_Type: ipv4, Location: IANA, ISP: 局域网IP(Private-Use), Date: None, Delay: 10005 ms, Speed: 0.00 M/s, Resolution: None
Name: 法治天地, URL: rtsp://112.245.125.48:1554/iptv/import/Tvod/iptv/001/001/ch16051316234089749497.rsc/96400_Uni.sdp, From: subscribe, IPv_Type: ipv4, Location: 中国-山东-泰安, ISP: 联通, Date: None, Delay: 10006 ms, Speed: 0.00 M/s, Resolution: None
Name: 第一财经, URL: http://a1live.livecdn.yicai.com/live/radio_tv.m3u8, From: subscribe, IPv_Type: ipv4, Location: 中国-上海-上海, ISP: 电信, Date: None, Delay: 487 ms, Speed: 0.08 M/s, Resolution: None
Name: 都市剧场, URL: https://satellitepull.cnr.cn/live/wxcqxwgb/playlist.m3u8, From: subscribe, IPv_Type: ipv4, Location: 美国-华盛顿州-金, ISP: 网宿CDN西雅图节点, Date: None, Delay: 93 ms, Speed: 1.25 M/s, Resolution: None
Name: 铜梁综合, URL: http://183.64.174.171:40123/ch1.m3u8, From: subscribe, IPv_Type: ipv4, Location: 中国-重庆-重庆, ISP: 电信, Date: None, Delay: 3486 ms, Speed: 0.22 M/s, Resolution: 720x576
Name: 铜梁综合, URL: http://183.64.174.171:40123/ch1.m3u8?zzhongqd, From: subscribe, IPv_Type: ipv4, Location: 中国-重庆-重庆, ISP: 电信, Date: None, Delay: 5727 ms, Speed: 0.16 M/s, Resolution: 720x576
Name: 重庆汽摩, URL: http://183.230.184.51:65500/tntv1.m3u8?zzhongqd, From: subscribe, IPv_Type: ipv4, Location: 中国-重庆-重庆, ISP: 移动, Date: None, Delay: 5185 ms, Speed: 0.32 M/s, Resolution: 1920x1080
Name: 重庆汽摩, URL: http://222.179.155.21:1935/ch1.m3u8?%E5%85%B3%E6%B3%A8%E5%BE%AE%E4%BF%A1%E5%85%AC%E4%BC%97%E5%8F%B7[%E6%99%B4%E5%9B%AD], From: subscribe, IPv_Type: ipv4, Location: 中国-重庆-重庆, ISP: 电信, Date: None, Delay: 10352 ms, Speed: 0.05 M/s, Resolution: None
Name: 荣昌综合, URL: http://183.64.181.25:40023/rongchang01.m3u8, From: subscribe, IPv_Type: ipv4, Location: 中国-重庆-重庆, ISP: 电信, Date: None, Delay: 2718 ms, Speed: 0.18 M/s, Resolution: 720x404
Name: 荣昌综合, URL: http://183.64.181.25:40023/rongchang01.m3u8?%E5%85%B3%E6%B3%A8%E5%BE%AE%E4%BF%A1%E5%85%AC%E4%BC%97%E5%8F%B7[%E6%99%B4%E5%9B%AD], From: subscribe, IPv_Type: ipv4, Location: 中国-重庆-重庆, ISP: 电信, Date: None, Delay: 5211 ms, Speed: 0.13 M/s, Resolution: 720x404
Name: 潼南综合, URL: http://183.230.184.51:65500/tntv1.m3u8, From: subscribe, IPv_Type: ipv4, Location: 中国-重庆-重庆, ISP: 移动, Date: None, Delay: 5108 ms, Speed: 0.34 M/s, Resolution: 1920x1080
Name: 江津新闻综合, URL: http://222.179.155.21:1935/ch1.m3u8?zzhongqd, From: subscribe, IPv_Type: ipv4, Location: 中国-重庆-重庆, ISP: 电信, Date: None, Delay: 10144 ms, Speed: 0.08 M/s, Resolution: 1920x1080
Name: 江津新闻综合, URL: http://222.179.155.21:1935/ch1.m3u8, From: subscribe, IPv_Type: ipv4, Location: 中国-重庆-重庆, ISP: 电信, Date: None, Delay: 10373 ms, Speed: 0.04 M/s, Resolution: 1920x1080
Name: 垫江综合, URL: rtmp://play-sh.quklive.com/live/1672366847646284, From: subscribe, IPv_Type: ipv4, Location: 美国-科罗拉多州-布鲁姆菲尔德, ISP: Level3, Date: None, Delay: -1 ms, Speed: inf M/s, Resolution: 1920x1080
Name: 万州综合, URL: http://123.146.162.24:8017/iTXwrGs/800/live.m3u8, From: subscribe, IPv_Type: ipv4, Location: 中国-重庆-重庆, ISP: 联通, Date: None, Delay: 1220 ms, Speed: 0.07 M/s, Resolution: 720x576
Name: 万州综合, URL: http://123.146.162.24:8017/iTXwrGs/800/live.m3u8?zzhongqd, From: subscribe, IPv_Type: ipv4, Location: 中国-重庆-重庆, ISP: 联通, Date: None, Delay: 1224 ms, Speed: 0.07 M/s, Resolution: 720x576
Name: 万州三峡移民, URL: http://123.146.162.24:8017/c2F0hmi/1000/live.m3u8?zzhongqd, From: subscribe, IPv_Type: ipv4, Location: 中国-重庆-重庆, ISP: 联通, Date: None, Delay: 1219 ms, Speed: 0.07 M/s, Resolution: 720x576
Name: 万州三峡移民, URL: http://123.146.162.24:8017/c2F0hmi/1000/live.m3u8, From: subscribe, IPv_Type: ipv4, Location: 中国-重庆-重庆, ISP: 联通, Date: None, Delay: 1418 ms, Speed: 0.07 M/s, Resolution: 720x576
Name: 重庆时尚购物, URL: http://183.220.107.138:4022/rtp/239.10.0.169:5140, From: subscribe, IPv_Type: ipv4, Location: 中国-四川-成都, ISP: 移动, Date: None, Delay: 376 ms, Speed: 0.00 M/s, Resolution: None
Name: 六合新闻综合, URL: http://p2hs.vzan.com/720020/432453820030502236/live.m3u8, From: subscribe, IPv_Type: ipv4, Location: 中国-广东-东莞, ISP: 鹏博士BGP, Date: None, Delay: 1285 ms, Speed: 0.45 M/s, Resolution: 1280x720
Name: 南京十八, URL: https://iptv.catvod.com/live.php?id=%E5%8D%97%E4%BA%AC%E5%8D%81%E5%85%AB%E9%A2%91%E9%81%93&line=1, From: subscribe, IPv_Type: ipv4, Location: 美国-加利福尼亚州-洛杉矶, ISP: IT7网络, Date: None, Delay: 61 ms, Speed: 17.62 M/s, Resolution: 1920x1080
Name: 南京十八, URL: https://iptv.catvod.com/live.php?id=%E5%8D%97%E4%BA%AC%E5%8D%81%E5%85%AB%E9%A2%91%E9%81%93, From: subscribe, IPv_Type: ipv4, Location: 美国-加利福尼亚州-洛杉矶, ISP: IT7网络, Date: None, Delay: 151 ms, Speed: 12.99 M/s, Resolution: 1920x1080
Name: 南京教科, URL: https://iptv.catvod.com/live.php?id=%E5%8D%97%E4%BA%AC%E6%95%99%E7%A7%91%E9%A2%91%E9%81%93&line=1, From: subscribe, IPv_Type: ipv4, Location: 美国-加利福尼亚州-洛杉矶, ISP: IT7网络, Date: None, Delay: 58 ms, Speed: 20.02 M/s, Resolution: 1920x1080
Name: 南京教科, URL: https://iptv.catvod.com/live.php?id=%E5%8D%97%E4%BA%AC%E6%95%99%E7%A7%91%E9%A2%91%E9%81%93, From: subscribe, IPv_Type: ipv4, Location: 美国-加利福尼亚州-洛杉矶, ISP: IT7网络, Date: None, Delay: 53 ms, Speed: 18.50 M/s, Resolution: 1920x1080
Name: 南京新闻综合, URL: https://iptv.catvod.com/live.php?id=%E5%8D%97%E4%BA%AC%E6%96%B0%E9%97%BB%E7%BB%BC%E5%90%88%E9%A2%91%E9%81%93, From: subscribe, IPv_Type: ipv4, Location: 美国-加利福尼亚州-洛杉矶, ISP: IT7网络, Date: None, Delay: 51 ms, Speed: 17.55 M/s, Resolution: 1920x1080
Name: 南京新闻综合, URL: https://iptv.catvod.com/live.php?id=%E5%8D%97%E4%BA%AC%E6%96%B0%E9%97%BB%E7%BB%BC%E5%90%88%E9%A2%91%E9%81%93&line=1, From: subscribe, IPv_Type: ipv4, Location: 美国-加利福尼亚州-洛杉矶, ISP: IT7网络, Date: None, Delay: 61 ms, Speed: 17.13 M/s, Resolution: 1920x1080
Name: 南通新闻综合, URL: https://iptv.catvod.com/live.php?id=%E5%8D%97%E9%80%9A%E6%96%B0%E9%97%BB%E7%BB%BC%E5%90%88&line=1, From: subscribe, IPv_Type: ipv4, Location: 美国-加利福尼亚州-洛杉矶, ISP: IT7网络, Date: None, Delay: 60 ms, Speed: 20.11 M/s, Resolution: 1920x1080
Name: 南通新闻综合, URL: https://iptv.catvod.com/live.php?id=%E5%8D%97%E9%80%9A%E6%96%B0%E9%97%BB%E7%BB%BC%E5%90%88, From: subscribe, IPv_Type: ipv4, Location: 美国-加利福尼亚州-洛杉矶, ISP: IT7网络, Date: None, Delay: 86 ms, Speed: 16.93 M/s, Resolution: 1920x1080
Name: 句容党建, URL: http://jrlive.jrntv.com:80/live/dangjian/playlist.m3u8, From: subscribe, IPv_Type: ipv4, Location: 中国-安徽-滁州, ISP: 电信, Date: None, Delay: 1457 ms, Speed: 0.71 M/s, Resolution: 1280x720
Name: 句容党建, URL: http://jrlive.jrntv.com/live/_definst_/dangjians/playlist.m3u8, From: subscribe, IPv_Type: ipv4, Location: 中国-广西, ISP: 电信, Date: None, Delay: 1304 ms, Speed: 0.65 M/s, Resolution: 720x576
Name: 句容党建, URL: http://jrlive.jrntv.com/live/_definst_/dangjians/playlist.m3u8?%E5%85%B3%E6%B3%A8%E5%BE%AE%E4%BF%A1%E5%85%AC%E4%BC%97%E5%8F%B7[%E6%99%B4%E5%9B%AD], From: subscribe, IPv_Type: ipv4, Location: 中国-广西, ISP: 电信, Date: None, Delay: 1546 ms, Speed: 0.59 M/s, Resolution: 720x576
Name: 句容影院, URL: http://jrlive.jrntv.com/live/_definst_/yingshis/chunklist_w1994429382.m3u8?zjiangsd, From: subscribe, IPv_Type: ipv4, Location: 中国-广西, ISP: 电信, Date: None, Delay: 1564 ms, Speed: 0.26 M/s, Resolution: 720x576
Name: 句容新闻综合, URL: http://jrlive.jrntv.com/live/_definst_/jrxwzhs/playlist.m3u8?zjiangsd, From: subscribe, IPv_Type: ipv4, Location: 中国-广西, ISP: 电信, Date: None, Delay: 1158 ms, Speed: 0.50 M/s, Resolution: 720x576
Name: 句容新闻综合, URL: http://jrlive.jrntv.com/live/_definst_/jrxwzhs/playlist.m3u8, From: subscribe, IPv_Type: ipv4, Location: 中国-广西, ISP: 电信, Date: None, Delay: 1372 ms, Speed: 0.45 M/s, Resolution: 720x576
Name: 句容生活, URL: http://jrlive.jrntv.com/live/_definst_/shenghuos/playlist.m3u8?%E5%85%B3%E6%B3%A8%E5%BE%AE%E4%BF%A1%E5%85%AC%E4%BC%97%E5%8F%B7[%E6%99%B4%E5%9B%AD], From: subscribe, IPv_Type: ipv4, Location: 中国-广西, ISP: 电信, Date: None, Delay: 1542 ms, Speed: 0.98 M/s, Resolution: 720x576
Name: 句容生活, URL: http://jrlive.jrntv.com/live/_definst_/shenghuos/playlist.m3u8, From: subscribe, IPv_Type: ipv4, Location: 中国-广西, ISP: 电信, Date: None, Delay: 1513 ms, Speed: 0.95 M/s, Resolution: 720x576
Name: 宜兴新闻, URL: http://yixing-tv-ori-hls.jstv.com/yixing-tv-ori/yixing_xw.m3u8?zjiangsd, From: subscribe, IPv_Type: ipv4, Location: 中国-香港, ISP: OWS, Date: None, Delay: 356 ms, Speed: 2.68 M/s, Resolution: 1280x720
Name: 宜兴新闻, URL: http://yixing-tv-ori-hls.jstv.com/yixing-tv-ori/yixing_xw.m3u8, From: subscribe, IPv_Type: ipv4, Location: 中国-香港, ISP: NTT, Date: None, Delay: 366 ms, Speed: 2.68 M/s, Resolution: 1280x720
Name: 宜兴新闻, URL: https://yixing-tv-ori-hls.jstv.com/yixing-tv-ori/yixing_xw.m3u8, From: subscribe, IPv_Type: ipv4, Location: 中国-香港, ISP: OWS, Date: None, Delay: 387 ms, Speed: 2.59 M/s, Resolution: 1280x720
Name: 宜兴紫砂, URL: rtmp://yixing-tv-ori-hls.jstv.com/yixing-tv-ori/yixing_zs, From: subscribe, IPv_Type: ipv4, Location: 中国-香港, ISP: OWS, Date: None, Delay: -1 ms, Speed: inf M/s, Resolution: 1280x720
Name: 常熟民生, URL: rtmp://cstvplay.21cs.cn/cstv2/cstv2, From: subscribe, IPv_Type: ipv4, Location: 中国-上海-上海, ISP: 电信, Date: None, Delay: -1 ms, Speed: inf M/s, Resolution: 1280x720
Name: 新沂新闻, URL: http://live.xysrmt.cn/xwzh/sd/live.m3u8?zjiangsd", From: subscribe, IPv_Type: ipv6, Location: 中国, ISP: 中国电信, Date: None, Delay: 666 ms, Speed: 0.04 M/s, Resolution: 1920x1080
Name: 新沂生活, URL: http://live.xysrmt.cn/shpd/sd/live.m3u8?zjiangsd, From: subscribe, IPv_Type: ipv6, Location: 中国, ISP: 中国电信, Date: None, Delay: 665 ms, Speed: 0.04 M/s, Resolution: 1920x1080
Name: 无锡新闻综合, URL: http://m.m3u8.wifiwx.com/live/wifiwx-239.m3u8?zjiangsd, From: subscribe, IPv_Type: ipv6, Location: 中国-广西-南宁, ISP: 电信, Date: None, Delay: 8016 ms, Speed: 0.10 M/s, Resolution: 1920x1080
Name: 武进新闻, URL: https://live.wjyanghu.com/live/CH1.m3u8, From: subscribe, IPv_Type: ipv4, Location: 中国-上海-上海, ISP: 阿里云, Date: None, Delay: 4919 ms, Speed: 0.11 M/s, Resolution: 720x576
Name: 武进新闻, URL: https://live.wjyanghu.com/live/CH1.m3u8?%E5%85%B3%E6%B3%A8%E5%BE%AE%E4%BF%A1%E5%85%AC%E4%BC%97%E5%8F%B7[%E6%99%B4%E5%9B%AD], From: subscribe, IPv_Type: ipv4, Location: 中国-上海-上海, ISP: 阿里云, Date: None, Delay: 5063 ms, Speed: 0.11 M/s, Resolution: 720x576
Name: 武进新闻, URL: http://live.wjyanghu.com/live/CH1.m3u8?%E5%85%B3%E6%B3%A8%E5%BE%AE%E4%BF%A1%E5%85%AC%E4%BC%97%E5%8F%B7[%E6%99%B4%E5%9B%AD], From: subscribe, IPv_Type: ipv4, Location: 中国-上海-上海, ISP: 阿里云, Date: None, Delay: 10885 ms, Speed: 0.07 M/s, Resolution: 720x576
Name: 武进生活, URL: https://live.wjyanghu.com/live/CH2.m3u8?%E5%85%B3%E6%B3%A8%E5%BE%AE%E4%BF%A1%E5%85%AC%E4%BC%97%E5%8F%B7[%E6%99%B4%E5%9B%AD], From: subscribe, IPv_Type: ipv4, Location: 中国-上海-上海, ISP: 阿里云, Date: None, Delay: 3803 ms, Speed: 0.11 M/s, Resolution: 720x576
Name: 武进生活, URL: http://live.wjyanghu.com/live/CH2.m3u8, From: subscribe, IPv_Type: ipv4, Location: 中国-上海-上海, ISP: 阿里云, Date: None, Delay: 3759 ms, Speed: 0.10 M/s, Resolution: 720x576
Name: 武进生活, URL: https://live.wjyanghu.com/live/CH2.m3u8, From: subscribe, IPv_Type: ipv4, Location: 中国-上海-上海, ISP: 阿里云, Date: None, Delay: 3875 ms, Speed: 0.10 M/s, Resolution: 720x576
Name: 江宁新闻, URL: rtmp://jiangning-tv-hls.cm.jstv.com/jiangning-tv/jnxwzh, From: subscribe, IPv_Type: ipv4, Location: 中国-香港, ISP: OWS, Date: None, Delay: 645 ms, Speed: 0.00 M/s, Resolution: None
Name: 江苏城市, URL: https://iptv.catvod.com/live.php?id=%E6%B1%9F%E8%8B%8F%E5%9F%8E%E5%B8%82%E9%A2%91%E9%81%93&line=1, From: subscribe, IPv_Type: ipv4, Location: 美国-加利福尼亚州-洛杉矶, ISP: IT7网络, Date: None, Delay: 36 ms, Speed: 38.06 M/s, Resolution: 1920x1080
Name: 江苏城市, URL: https://mgtv.ottiptv.cc/mg/626064714.m3u8?userid=5559462299&sign=259d8af57d2d17dbf43984f87d408c596c2b0f25da64686db410d59a98de2e1985cd8f321912ea5bf56fd8eb5389f2d7b6644da8057fb79e5c370ee05ab094cbb72be0bb8482b716d20f88584030050bf9&auth_token=1b99577efa5a3442ca4c7820d6e0b4e8, From: subscribe, IPv_Type: ipv6, Location: 美国, ISP: Oracle Corporation, Date: None, Delay: 34 ms, Speed: 12.46 M/s, Resolution: 1920x1080
Name: 江苏影视, URL: https://iptv.catvod.com/live.php?id=%E6%B1%9F%E8%8B%8F%E5%BD%B1%E8%A7%86%E9%A2%91%E9%81%93&line=1, From: subscribe, IPv_Type: ipv4, Location: 美国-加利福尼亚州-洛杉矶, ISP: IT7网络, Date: None, Delay: 51 ms, Speed: 19.64 M/s, Resolution: 1920x1080
Name: 江苏教育, URL: https://iptv.catvod.com/live.php?id=%E6%B1%9F%E8%8B%8F%E6%95%99%E8%82%B2&line=1, From: subscribe, IPv_Type: ipv4, Location: 美国-加利福尼亚州-洛杉矶, ISP: IT7网络, Date: None, Delay: 52 ms, Speed: 20.82 M/s, Resolution: 1920x1080
Name: 泗洪新闻综合, URL: http://3739115337.cloudvdn.com/a.m3u8?domain=siyang-tv-hls.cm.jstv.com&player=nwEAAKHdjSKP_58X&secondToken=secondToken%3A5FUijZmDyNMxtCDdne0YzSAwjuw&streamid=siyang-tv%3Asiyang-tv%2Fsiyangzh&v3=1, From: subscribe, IPv_Type: ipv4, Location: 中国-河北-保定, ISP: 电信, Date: None, Delay: 1843 ms, Speed: 0.58 M/s, Resolution: 1920x1080
Name: 涟水电视台综合, URL: rtmp://lianshui-tv-hls.cm.jstv.com/lianshui-tv/lsxw, From: subscribe, IPv_Type: ipv6, Location: 中国, ISP: 中国电信, Date: None, Delay: 1804 ms, Speed: 0.00 M/s, Resolution: None
Name: 淮安新闻综合, URL: https://iptv.catvod.com/live.php?id=%E6%B7%AE%E5%AE%89%E6%96%B0%E9%97%BB%E7%BB%BC%E5%90%88&line=1, From: subscribe, IPv_Type: ipv4, Location: 美国-加利福尼亚州-洛杉矶, ISP: IT7网络, Date: None, Delay: 51 ms, Speed: 20.90 M/s, Resolution: 1920x1080
Name: 淮阴综合, URL: https://huaiyin-tv-replay.cm.jstv.com/huaiyin-tv/huaiyinf.m3u8, From: subscribe, IPv_Type: ipv6, Location: 中国, ISP: 中国电信, Date: None, Delay: 2110 ms, Speed: 0.92 M/s, Resolution: 1920x1080
Name: 溧水新闻综合, URL: https://iptv.catvod.com/live.php?id=%E6%BA%A7%E6%B0%B4%E6%96%B0%E9%97%BB%E7%BB%BC%E5%90%88&line=1, From: subscribe, IPv_Type: ipv4, Location: 美国-加利福尼亚州-洛杉矶, ISP: IT7网络, Date: None, Delay: 59 ms, Speed: 20.00 M/s, Resolution: 1920x1080
Name: 滨海新闻综合, URL: http://traffic.jbh.tjbh.com/live/bhtv10/playlist.m3u8, From: subscribe, IPv_Type: ipv4, Location: 美国-伊利诺伊州-库克, ISP: 网宿CDN节点, Date: None, Delay: 1501 ms, Speed: 1.16 M/s, Resolution: 1920x1080
Name: 睢宁综合, URL: rtmp://221.229.243.45:1935/live/live1, From: subscribe, IPv_Type: ipv4, Location: 中国-江苏-徐州, ISP: 电信, Date: None, Delay: -1 ms, Speed: inf M/s, Resolution: 1280x720
Name: 睢宁综合, URL: https://live-auth.51kandianshi.com/szgd/csztv4k_hd.m3u8, From: subscribe, IPv_Type: ipv4, Location: 美国-加利福尼亚州-圣克拉拉, ISP: 腾讯云, Date: None, Delay: 501 ms, Speed: 1.83 M/s, Resolution: 1280x720
Name: 睢宁综合, URL: http://3739115311.cloudvdn.com/a.m3u8?domain=suining-tv-hls.cm.jstv.com&player=TwMAAPjPskOkJ6kX&secondToken=secondToken%3AjegfwzYXwUE9HzG7kRfhCd81WMU&streamid=suining-tv%3Asuining-tv%2Fsuiningzh&v3=1&zjiangsd=#rtmp://221.229.243.45:1935/live/live1, From: subscribe, IPv_Type: ipv4, Location: 中国-河北-保定, ISP: 电信, Date: None, Delay: 2061 ms, Speed: 0.65 M/s, Resolution: 1280x720
Name: 睢宁综合, URL: http://3739115311.cloudvdn.com/a.m3u8?domain=suining-tv-hls.cm.jstv.com&player=TwMAAPjPskOkJ6kX&secondToken=secondToken%3AjegfwzYXwUE9HzG7kRfhCd81WMU&streamid=suining-tv%3Asuining-tv%2Fsuiningzh&v3=1&zjiangsd=, From: subscribe, IPv_Type: ipv4, Location: 中国-河北-保定, ISP: 电信, Date: None, Delay: 3032 ms, Speed: 0.60 M/s, Resolution: 1280x720
Name: 苏州文化生活, URL: https://live-auth.51kandianshi.com/szgd/csztv3.m3u8, From: subscribe, IPv_Type: ipv4, Location: 美国-加利福尼亚州-圣克拉拉, ISP: 腾讯云, Date: None, Delay: 763 ms, Speed: 0.87 M/s, Resolution: 1280x720
Name: 苏州文化生活, URL: rtmp://csztv.2500sz.com/live/c03, From: subscribe, IPv_Type: ipv4, Location: 中国-江苏-苏州, ISP: 电信, Date: None, Delay: 2150 ms, Speed: 0.00 M/s, Resolution: None
Name: 苏州生活资讯, URL: https://live-auth.51kandianshi.com/szgd/csztv5.m3u8, From: subscribe, IPv_Type: ipv4, Location: 美国-加利福尼亚州-圣克拉拉, ISP: 腾讯云, Date: None, Delay: 828 ms, Speed: 0.66 M/s, Resolution: 1280x720
Name: 苏州生活资讯, URL: rtmp://csztv.2500sz.com/live/c04, From: subscribe, IPv_Type: ipv4, Location: 中国-江苏-苏州, ISP: 电信, Date: None, Delay: 2462 ms, Speed: 0.00 M/s, Resolution: None
Name: 苏州社会经济, URL: https://live-auth.51kandianshi.com/szgd/csztv2.m3u8, From: subscribe, IPv_Type: ipv4, Location: 中国-江苏-常州, ISP: 电信, Date: None, Delay: 268 ms, Speed: 3.20 M/s, Resolution: 1920x1080
Name: 赣榆新闻综合, URL: rtmp://ganyu-tv-hls.cm.jstv.com/ganyu-tv/ganyutv, From: subscribe, IPv_Type: ipv4, Location: 中国-香港, ISP: OWS, Date: None, Delay: 656 ms, Speed: 0.00 M/s, Resolution: None
Name: 连云港新闻综合, URL: https://iptv.catvod.com/live.php?id=%E8%BF%9E%E4%BA%91%E6%B8%AF%E6%96%B0%E9%97%BB%E7%BB%BC%E5%90%88&line=1, From: subscribe, IPv_Type: ipv4, Location: 美国-加利福尼亚州-洛杉矶, ISP: IT7网络, Date: None, Delay: 63 ms, Speed: 18.57 M/s, Resolution: 1920x1080
Name: 连云港新闻综合, URL: https://mgtv.ottiptv.cc/mg/639731715.m3u8?userid=5559462299&sign=e9f09835b85408183c78bc39fa6e64a66ca93307c22cbf2484b380cd8d2093f0f08cf451c4268c7de12071cf3d8701752bf01f4e73bd4911eca25e8fe7935b6807996637af0b1614422a9aa3df8c70fc30&auth_token=1b99577efa5a3442ca4c7820d6e0b4e8, From: subscribe, IPv_Type: ipv6, Location: 美国, ISP: Oracle Corporation, Date: None, Delay: 37 ms, Speed: 12.15 M/s, Resolution: 1920x1080
Name: 镇江二套社会民生, URL: http://zjtv-wshls.homecdn.com/live/2aa16.m3u8, From: subscribe, IPv_Type: ipv4, Location: 美国-伊利诺伊州-库克, ISP: 网宿CDN节点, Date: None, Delay: 241 ms, Speed: 4.21 M/s, Resolution: 1920x1080
Name: 镇江新闻综合, URL: https://iptv.catvod.com/live.php?id=%E9%95%87%E6%B1%9F%E6%96%B0%E9%97%BB%E7%BB%BC%E5%90%88&line=1, From: subscribe, IPv_Type: ipv4, Location: 美国-加利福尼亚州-洛杉矶, ISP: IT7网络, Date: None, Delay: 50 ms, Speed: 19.58 M/s, Resolution: 1920x1080
Name: 镇江新闻综合, URL: http://zjtv-wshls.homecdn.com/live/2aa50.m3u8, From: subscribe, IPv_Type: ipv4, Location: 美国-华盛顿州-金, ISP: 网宿CDN西雅图节点, Date: None, Delay: 247 ms, Speed: 4.69 M/s, Resolution: 1920x1080
Name: 镇江新闻综合, URL: http://zjtv-wshls.homecdn.com/live/2aa50.m3u8?wsSession=a263bdc5a26cd01b57a80359-170493712215358&amp;wsIPSercert=f56bd6194d219a5172dbed60eca6e9b0, From: subscribe, IPv_Type: ipv4, Location: 美国-伊利诺伊州-库克, ISP: 网宿CDN节点, Date: None, Delay: 265 ms, Speed: 4.26 M/s, Resolution: 1920x1080
Name: 镇江新闻综合, URL: http://zjtv-wshls.homecdn.com/live/2aa50.m3u8?wsSession=a263bdc5a26cd01b57a80359-170493712215358&wsIPSercert=f56bd6194d219a5172dbed60eca6e9b0, From: subscribe, IPv_Type: ipv4, Location: 美国-德克萨斯州-达拉斯, ISP: 网宿科技CDN节点, Date: None, Delay: 250 ms, Speed: 4.20 M/s, Resolution: 1920x1080
Name: 镇江新闻综合, URL: http://zjtv-wshls.homecdn.com/live/2aa50.m3u8?wsSession=a263bdc5a26cd01b57a80359-170493712215358, From: subscribe, IPv_Type: ipv4, Location: 美国-伊利诺伊州-库克, ISP: 网宿CDN节点, Date: None, Delay: 272 ms, Speed: 4.19 M/s, Resolution: 1920x1080
Name: 靖江新闻综合, URL: https://satellitepull.cnr.cn/live/wxlnjjtb/playlist.m3u8, From: subscribe, IPv_Type: ipv4, Location: 美国-德克萨斯州-达拉斯, ISP: 网宿科技CDN节点, Date: None, Delay: 78 ms, Speed: 1.35 M/s, Resolution: None
Name: 朝阳新闻综合, URL: http://120.76.248.139/live/bfgd/4200000282.m3u8, From: subscribe, IPv_Type: ipv4, Location: 中国-浙江-杭州, ISP: 阿里云BGP数据中心, Date: None, Delay: 10145 ms, Speed: 0.00 M/s, Resolution: 1920x1080
Name: 辽宁北方, URL: http://120.76.248.139/live/bfgd/4200000071.m3u8, From: subscribe, IPv_Type: ipv4, Location: 中国-浙江-杭州, ISP: 阿里云BGP数据中心, Date: None, Delay: 10143 ms, Speed: 0.00 M/s, Resolution: 1920x1080
Name: 辽宁影视剧, URL: http://120.76.248.139/live/bfgd/4200000070.m3u8, From: subscribe, IPv_Type: ipv4, Location: 中国-浙江-杭州, ISP: 阿里云BGP数据中心, Date: None, Delay: 10675 ms, Speed: 0.00 M/s, Resolution: 1920x1080
Name: 辽宁教育青少, URL: http://120.76.248.139/live/bfgd/4200000075.m3u8, From: subscribe, IPv_Type: ipv4, Location: 中国-浙江-杭州, ISP: 阿里云BGP数据中心, Date: None, Delay: 10139 ms, Speed: 0.00 M/s, Resolution: 1920x1080
Name: 辽宁生活, URL: http://120.76.248.139/live/bfgd/4200000073.m3u8, From: subscribe, IPv_Type: ipv4, Location: 中国-浙江-杭州, ISP: 阿里云BGP数据中心, Date: None, Delay: 10009 ms, Speed: 0.00 M/s, Resolution: 1920x1080
Name: 辽宁都市, URL: https://ls.qingting.fm/live/1099/64k.m3u8, From: subscribe, IPv_Type: ipv6, Location: 中国-广东-东莞, ISP: 电信, Date: None, Delay: 1546 ms, Speed: 0.05 M/s, Resolution: 1920x1080
Name: 辽宁都市, URL: http://120.76.248.139/live/bfgd/4200000610.m3u8, From: subscribe, IPv_Type: ipv4, Location: 中国-浙江-杭州, ISP: 阿里云BGP数据中心, Date: None, Delay: 10131 ms, Speed: 0.00 M/s, Resolution: 1920x1080
Name: 湖南爱晚, URL: http://php.jdshipin.com:8880/TVOD/iptv.php?id=hngg, From: subscribe, IPv_Type: ipv6, Location: 美国, ISP: CloudFlare Inc., Date: None, Delay: 613 ms, Speed: 1.47 M/s, Resolution: 640x360
Name: 湖南爱晚, URL: http://php.jdshipin.com:8880/iptv.php?id=hngg, From: subscribe, IPv_Type: ipv6, Location: 美国, ISP: CloudFlare Inc., Date: None, Delay: 1028 ms, Speed: 0.36 M/s, Resolution: 640x360
Name: 湖南金鹰纪实, URL: http://61.184.46.85:9901/tsfile/live/1026_1.m3u8?key=txiptv&playlive=1&authid=0, From: subscribe, IPv_Type: ipv4, Location: 中国-湖北-荆州, ISP: 电信, Date: None, Delay: 10836 ms, Speed: 0.00 M/s, Resolution: 1920x1080
Name: 长沙新闻综合, URL: http://ls.qingting.fm/live/4877.m3u8, From: subscribe, IPv_Type: ipv6, Location: 中国-广东-东莞, ISP: 电信, Date: None, Delay: 567 ms, Speed: 0.11 M/s, Resolution: 1920x1080
Name: 衡阳新闻综合, URL: https://liveplay-srs.voc.com.cn/hls/tv/183_554704.m3u8, From: subscribe, IPv_Type: ipv4, Location: 中国-湖南, ISP: 移动, Date: None, Delay: 10521 ms, Speed: 0.01 M/s, Resolution: 800x480
Name: 武汉文体, URL: http://171.83.103.119:9999/rtp/239.69.1.147:10518, From: subscribe, IPv_Type: ipv4, Location: 中国-湖北-武汉, ISP: 电信, Date: None, Delay: 446 ms, Speed: 0.10 M/s, Resolution: 1920x1080
Name: 江夏新闻综合, URL: http://59.175.226.142:280/gb28181/xwzh.m3u8?zhubd, From: subscribe, IPv_Type: ipv4, Location: 中国-湖北-武汉, ISP: 电信, Date: None, Delay: 10445 ms, Speed: 0.05 M/s, Resolution: 720x576
Name: 江夏新闻综合, URL: http://59.175.226.142:280/gb28181/xwzh.m3u8?%E5%85%B3%E6%B3%A8%E5%BE%AE%E4%BF%A1%E5%85%AC%E4%BC%97%E5%8F%B7[%E6%99%B4%E5%9B%AD], From: subscribe, IPv_Type: ipv4, Location: 中国-湖北-武汉, ISP: 电信, Date: None, Delay: 10147 ms, Speed: 0.04 M/s, Resolution: 720x576
Name: 江夏新闻综合, URL: http://59.175.226.142:280/gb28181/xwzh.m3u8, From: subscribe, IPv_Type: ipv4, Location: 中国-湖北-武汉, ISP: 电信, Date: None, Delay: 10924 ms, Speed: 0.04 M/s, Resolution: 720x576
Name: 荆门新闻综合, URL: http://stream.jmtv.com.cn/xwzh/sd/live.m3u8, From: subscribe, IPv_Type: ipv6, Location: 中国, ISP: 中国电信, Date: None, Delay: 1831 ms, Speed: 0.56 M/s, Resolution: 1920x1080
Name: 北海新闻综合, URL: https://live.gxrb.com.cn/gx/beihai/index.m3u8, From: subscribe, IPv_Type: ipv4, Location: 中国-广西-南宁, ISP: 电信, Date: None, Delay: 218 ms, Speed: 0.00 M/s, Resolution: None
Name: 南宁公共, URL: rtmp://live.gxrb.com.cn/tv/nntv_gg, From: subscribe, IPv_Type: ipv4, Location: 中国-广西-南宁, ISP: 电信, Date: None, Delay: -1 ms, Speed: inf M/s, Resolution: 1280x720
Name: 南宁公共, URL: http://hls.nntv.cn/nnlive/GGPD_24.m3u8, From: subscribe, IPv_Type: ipv4, Location: 中国-江苏-扬州, ISP: 电信, Date: None, Delay: 1225 ms, Speed: 0.56 M/s, Resolution: 1280x720
Name: 南宁公共, URL: https://hls.nntv.cn/nnlive/GGPD_24.m3u8, From: subscribe, IPv_Type: ipv4, Location: 中国-江苏-扬州, ISP: 电信, Date: None, Delay: 1569 ms, Speed: 0.50 M/s, Resolution: 1280x720
Name: 南宁新闻综合, URL: rtmp://tv.qntv.net/channellive/ch1?zguizd, From: subscribe, IPv_Type: ipv4, Location: 中国-贵州-黔南布依族苗族自治州, ISP: 联通, Date: None, Delay: -1 ms, Speed: inf M/s, Resolution: 1920x1080
Name: 南宁都市生活, URL: http://615bbf179ba53515dccad7b1da5d1ad9.livehwc3.cn/hls.nntv.cn/nnlive/WLSH_24.m3u8?sub_m3u8=true&edge_slice=true&user_session_id=2598844eaee8a4265e706fc14b3fc11d, From: subscribe, IPv_Type: ipv6, Location: 中国, ISP: 中国电信, Date: None, Delay: 1113 ms, Speed: 0.42 M/s, Resolution: 1920x1080
Name: 宾阳综合, URL: http://zb.gxlbamc.com:1935/live/lbzh.stream/playlist.m3u8, From: subscribe, IPv_Type: ipv4, Location: 中国-广西, ISP: 移动, Date: None, Delay: 10305 ms, Speed: 0.37 M/s, Resolution: 1920x1080
Name: 宾阳综合, URL: rtmp://live.gxrb.com.cn/gx/binyang, From: subscribe, IPv_Type: ipv4, Location: 中国-广西-南宁, ISP: 电信, Date: None, Delay: 10005 ms, Speed: 0.00 M/s, Resolution: None
Name: 灌阳新闻综合, URL: https://ls.qingting.fm/live/5043/64k.m3u8, From: subscribe, IPv_Type: ipv6, Location: 中国-广东-东莞, ISP: 电信, Date: None, Delay: 1377 ms, Speed: 0.06 M/s, Resolution: 1920x1080
Name: 广西新闻, URL: http://38.75.136.137:98/gslb/dsdqpub/gxxw.m3u8?auth=testpub, From: subscribe, IPv_Type: ipv4, Location: 美国-伊利诺伊州-库克, ISP: Cogent, Date: None, Delay: 2792 ms, Speed: 1.92 M/s, Resolution: 1920x1080
Name: 广西国际, URL: http://hlscdn.liangtv.cn/live/0234c48e0bc24fe1b41b9999a253e581/1075ee38e04f490690f6a36a16e09c79.m3u8?fbl=, From: subscribe, IPv_Type: ipv6, Location: 中国-江苏-扬州, ISP: 电信, Date: None, Delay: 951 ms, Speed: 3.11 M/s, Resolution: 1920x1080
Name: 广西国际, URL: https://hlscdn.liangtv.cn/live/0234c48e0bc24fe1b41b9999a253e581/1075ee38e04f490690f6a36a16e09c79.m3u8, From: subscribe, IPv_Type: ipv6, Location: 中国-江苏-扬州, ISP: 电信, Date: None, Delay: 792 ms, Speed: 2.70 M/s, Resolution: 1920x1080
Name: 南宁影视娱乐, URL: rtmp://hls.nntv.cn/nnlive/YSYL_244, From: subscribe, IPv_Type: ipv4, Location: 中国-江苏-扬州, ISP: 电信, Date: None, Delay: -1 ms, Speed: inf M/s, Resolution: 1280x720
Name: 南宁影视娱乐, URL: http://hls.nntv.cn/nnlive/YSYL_244.m3u8, From: subscribe, IPv_Type: ipv4, Location: 中国-江苏-扬州, ISP: 电信, Date: None, Delay: 1177 ms, Speed: 0.54 M/s, Resolution: 1280x720
Name: 南宁影视娱乐, URL: https://hls.nntv.cn/nnlive/YSYL_244.m3u8, From: subscribe, IPv_Type: ipv4, Location: 中国, ISP: 移动, Date: None, Delay: 1614 ms, Speed: 0.50 M/s, Resolution: 1280x720
Name: 津南一套, URL: http://play.jinnantv.top/live/JNTV1.m3u8?ztianjd, From: subscribe, IPv_Type: ipv4, Location: 美国-伊利诺伊州-库克, ISP: 网宿CDN节点, Date: None, Delay: 8 ms, Speed: 29.01 M/s, Resolution: 720x576
Name: 武清综合, URL: https://tvpull.smartwq.cn/wqlive/convergencemedia/playlist.m3u8?ztianjd, From: subscribe, IPv_Type: ipv4, Location: 美国-伊利诺伊州-库克, ISP: 网宿CDN节点, Date: None, Delay: 206 ms, Speed: 3.63 M/s, Resolution: 720x576
Name: 乐山新闻综合, URL: http://pwpull.leshan.cn:80/live/21609091019110008654ed1a00000000/playlist.m3u8, From: subscribe, IPv_Type: ipv4, Location: 美国-伊利诺伊州-库克, ISP: 网宿CDN节点, Date: None, Delay: 222 ms, Speed: 3.90 M/s, Resolution: 1280x720
Name: 乐至综合, URL: http://175.155.106.72:89/live1/live1.m3u8?zsicd;http://rmlive.lzxrmtzx.com/live1/live1.m3u8?zsicd, From: subscribe, IPv_Type: ipv4, Location: 中国-四川-德阳, ISP: 联通, Date: None, Delay: 1895 ms, Speed: 1.03 M/s, Resolution: 1920x1080
Name: 井研综合, URL: http://tvfile.jyrmt.cn/nmip-media/channellive/channel104452/playlist.m3u8, From: subscribe, IPv_Type: ipv4, Location: 中国-四川, ISP: 广电网, Date: None, Delay: 2171 ms, Speed: 0.82 M/s, Resolution: 1920x1080
Name: 什邡新闻, URL: http://live.sfrmt.com:85/live/zhpd.m3u8?zsicd, From: subscribe, IPv_Type: ipv4, Location: 中国-四川, ISP: 移动, Date: None, Delay: 413 ms, Speed: 0.00 M/s, Resolution: 1920x1080
Name: 什邡新闻, URL: http://live.sfrmt.com:85/live/zhpd.m3u8, From: subscribe, IPv_Type: ipv4, Location: 中国-四川, ISP: 移动, Date: None, Delay: 1424 ms, Speed: 0.00 M/s, Resolution: 1920x1080
Name: 仁寿综合, URL: https://play.scrstv.com.cn/DT/live.m3u8?auth_key=60001724663204-0-0-c1cc4ded9841ac34f63cdbd3aec647ef, From: subscribe, IPv_Type: ipv4, Location: 中国-上海-上海, ISP: 电信, Date: None, Delay: 937 ms, Speed: 0.06 M/s, Resolution: None
Name: 凉山新闻综合, URL: rtmp://tv.drs.i0834.cn/channellive/ch1?zsicd, From: subscribe, IPv_Type: ipv4, Location: 中国-四川-凉山彝族自治州, ISP: 电信, Date: None, Delay: -1 ms, Speed: inf M/s, Resolution: 720x404
Name: 凉山新闻综合, URL: rtmp://tv.drs.yizu.tv/channellive/ch1?zsicd, From: subscribe, IPv_Type: ipv4, Location: 中国-四川-凉山彝族自治州, ISP: 电信, Date: None, Delay: -1 ms, Speed: inf M/s, Resolution: 720x404
Name: 凉山语, URL: rtmp://tv.drs.i0834.cn/channellive/ch2?zsicd, From: subscribe, IPv_Type: ipv4, Location: 中国-四川-凉山彝族自治州, ISP: 电信, Date: None, Delay: -1 ms, Speed: inf M/s, Resolution: 720x404
Name: 凉山语, URL: rtmp://tv.drs.yizu.tv/channellive/ch2?zsicd, From: subscribe, IPv_Type: ipv4, Location: 中国-四川-凉山彝族自治州, ISP: 电信, Date: None, Delay: -1 ms, Speed: inf M/s, Resolution: 720x404
Name: 剑阁综合, URL: https://m3u8.channel.dzsm.com/nmip-media/channellive/channel105549/playlist.m3u8, From: subscribe, IPv_Type: ipv4, Location: 中国-四川, ISP: 移动, Date: None, Delay: 10350 ms, Speed: 0.07 M/s, Resolution: 960x528
Name: 叙州新闻综合, URL: http://pili-live-hls.ybcxjd.com/jdh-live/2108111201035597.m3u8?zsicd, From: subscribe, IPv_Type: ipv4, Location: 中国-香港, ISP: NTT, Date: None, Delay: 401 ms, Speed: 4.80 M/s, Resolution: 1920x1080
Name: 叙州新闻综合, URL: http://pili-live-hls.ybcxjd.com/jdh-live/2108111201035597.m3u8, From: subscribe, IPv_Type: ipv4, Location: 中国-浙江-温州, ISP: 电信, Date: None, Delay: 415 ms, Speed: 4.69 M/s, Resolution: 1920x1080
Name: 叙州新闻综合, URL: http://2061827161.cloudvdn.com/a.m3u8?domain=pili-live-hls.ybcxjd.com&player=IjsAAN-1KyqjjPYX&secondToken=secondToken%3AMHl3QtaAs-H2KkHpuGUAlKuJ9a8&streamid=jdh-live%3Ajdh-live%2F2108111201035597&v3=1, From: subscribe, IPv_Type: ipv4, Location: 中国-浙江-温州, ISP: 电信, Date: None, Delay: 2068 ms, Speed: 0.97 M/s, Resolution: 1920x1080
Name: 叙永综合, URL: rtmp://luzhi.xuyongrongmei.com:1935/live/xyxw?zsicd, From: subscribe, IPv_Type: ipv6, Location: 中国, ISP: 中国电信, Date: None, Delay: -1 ms, Speed: inf M/s, Resolution: 1920x1080
Name: 叙永综合, URL: https://m3u8channel-bx.yunxya.com/nmip-media/channellive/channel104666/playlist.m3u8, From: subscribe, IPv_Type: ipv4, Location: 中国-广东-东莞, ISP: 电信, Date: None, Delay: 1904 ms, Speed: 0.89 M/s, Resolution: 1920x1080
Name: 名山综合, URL: rtmp://tv.yunxya.com:1937/channellive/mingshan, From: subscribe, IPv_Type: ipv4, Location: 中国-四川-雅安, ISP: 电信, Date: None, Delay: -1 ms, Speed: inf M/s, Resolution: 1920x1080
Name: 夹江新闻综合, URL: https://m3u8.channel.dzsm.com/nmip-media/channellive/channel101257/playlist.m3u8, From: subscribe, IPv_Type: ipv4, Location: 中国-四川, ISP: 移动, Date: None, Delay: 10428 ms, Speed: 0.17 M/s, Resolution: 1280x720
Name: 夹江新闻综合, URL: rtmp://tv.jjrm.org.cn/channellive/ch1?zsicd, From: subscribe, IPv_Type: ipv4, Location: 中国-四川, ISP: 广电网, Date: None, Delay: 5470 ms, Speed: 0.00 M/s, Resolution: None
Name: 宝兴综合, URL: rtmp://tv.yunxya.com:1937/channellive/baoxing, From: subscribe, IPv_Type: ipv4, Location: 中国-四川-雅安, ISP: 电信, Date: None, Delay: -1 ms, Speed: inf M/s, Resolution: 1920x1080
Name: 小金综合, URL: rtmp://xjlive.xjxrmt.cn/live/xwpd, From: subscribe, IPv_Type: ipv4, Location: 中国-四川-成都, ISP: 电信, Date: None, Delay: -1 ms, Speed: inf M/s, Resolution: 1920x1080
Name: 广元综合, URL: https://m3u8.channel.dzsm.com/nmip-media/channellive/channel100999/playlist.m3u8, From: subscribe, IPv_Type: ipv4, Location: 中国-四川, ISP: 移动, Date: None, Delay: 10607 ms, Speed: 0.04 M/s, Resolution: 1280x720
Name: 广安公共, URL: http://live1.gatv.com.cn:85/live/GGPD.m3u8, From: subscribe, IPv_Type: ipv4, Location: 中国-四川-广安, ISP: 电信, Date: None, Delay: 496 ms, Speed: 0.00 M/s, Resolution: 1920x1080
Name: 旺苍新闻综合, URL: rtmp://tv.wcrmt.cn/channellive/ch1, From: subscribe, IPv_Type: ipv4, Location: 中国-四川-广元, ISP: 广电网, Date: None, Delay: -1 ms, Speed: inf M/s, Resolution: 1920x1080
Name: 旺苍新闻综合, URL: http://live.spccmc.com:90/live/spxwzh.m3u8?%E5%85%B3%E6%B3%A8%E5%BE%AE%E4%BF%A1%E5%85%AC%E4%BC%97%E5%8F%B7[%E6%99%B4%E5%9B%AD], From: subscribe, IPv_Type: ipv6, Location: 中国, ISP: 中国电信, Date: None, Delay: 495 ms, Speed: 0.00 M/s, Resolution: 1920x1080
Name: 朝天综合, URL: https://m3u8.channel.dzsm.com/nmip-media/channellive/channel104601/playlist.m3u8, From: subscribe, IPv_Type: ipv4, Location: 中国-四川, ISP: 移动, Date: None, Delay: 10660 ms, Speed: 0.08 M/s, Resolution: 960x528
Name: 汶川新闻综合, URL: rtmp://live.iwcmt.cn:1936/live/zhxw, From: subscribe, IPv_Type: ipv6, Location: 中国, ISP: 中国移动, Date: None, Delay: -1 ms, Speed: inf M/s, Resolution: 1920x1080
Name: 汶川新闻综合, URL: http://live.iwcmt.cn:90/live/zhxw.m3u8, From: subscribe, IPv_Type: ipv6, Location: 中国, ISP: 中国移动, Date: None, Delay: 395 ms, Speed: 0.00 M/s, Resolution: 1920x1080
Name: 沐川综合, URL: rtmp://tv.mcrm.org.cn:1935/channellive/tv01, From: subscribe, IPv_Type: ipv4, Location: 中国-四川-乐山, ISP: 电信, Date: None, Delay: -1 ms, Speed: inf M/s, Resolution: 1920x1080
Name: 泸县新闻综合, URL: https://m3u8channel.ganzitv.com/nmip-media/channellive/channel1/playlist.m3u8, From: subscribe, IPv_Type: ipv6, Location: 中国, ISP: 中国电信, Date: None, Delay: 2794 ms, Speed: 0.83 M/s, Resolution: 1920x1080
Name: 石棉综合, URL: rtmp://tv.yunxya.com:1937/channellive/shimian, From: subscribe, IPv_Type: ipv4, Location: 中国-四川-雅安, ISP: 电信, Date: None, Delay: -1 ms, Speed: inf M/s, Resolution: 1920x1080
Name: 荥经综合, URL: rtmp://tv.yunxya.com:1937/channellive/yingjing, From: subscribe, IPv_Type: ipv4, Location: 中国-四川-雅安, ISP: 电信, Date: None, Delay: -1 ms, Speed: inf M/s, Resolution: 1920x1080
Name: 荥经综合, URL: https://file.ysxtv.cn/nmip-media/channellive/channel101492/playlist.m3u8, From: subscribe, IPv_Type: ipv6, Location: 中国, ISP: 中国电信, Date: None, Delay: 2435 ms, Speed: 0.50 M/s, Resolution: 1280x720
Name: 金川新闻综合, URL: rtmp://live.jinchuanrmt.com/live/zhxw, From: subscribe, IPv_Type: ipv4, Location: 中国-四川, ISP: 电信, Date: None, Delay: -1 ms, Speed: inf M/s, Resolution: 1920x1080
Name: 金川新闻综合, URL: rtmp://139.203.180.9/live/zhxw, From: subscribe, IPv_Type: ipv4, Location: 中国-四川, ISP: 电信, Date: None, Delay: -1 ms, Speed: inf M/s, Resolution: 1920x1080
Name: 长宁综合, URL: rtmp://cnpull.sccnfb.com/live/123456, From: subscribe, IPv_Type: ipv4, Location: 中国-河南-信阳, ISP: 电信, Date: None, Delay: -1 ms, Speed: inf M/s, Resolution: 1920x1080
Name: 雅安雨城, URL: https://m3u8channel-yc.yunxya.com/nmip-media/channellive/channel100103/playlist.m3u8, From: subscribe, IPv_Type: ipv4, Location: 中国-广东-东莞, ISP: 电信, Date: None, Delay: 1734 ms, Speed: 0.80 M/s, Resolution: 720x576
Name: 青川综合, URL: http://qcfile.qcrmt.com/nmip-media/channellive/channel100933/playlist.m3u8, From: subscribe, IPv_Type: ipv4, Location: 中国-四川, ISP: 广电网, Date: None, Delay: 2000 ms, Speed: 0.88 M/s, Resolution: 1920x1080
Name: 马尔康综合, URL: rtmp://live.zmmek.com/live/zhxw, From: subscribe, IPv_Type: ipv4, Location: 中国-四川-阿坝藏族羌族自治州, ISP: 联通, Date: None, Delay: 5278 ms, Speed: 0.00 M/s, Resolution: None
Name: 陕西新闻资讯, URL: https://iptv.catvod.com/live.php?id=%E9%99%95%E8%A5%BF%E6%96%B0%E9%97%BB%E8%B5%84%E8%AE%AF%E9%A2%91%E9%81%93&line=1, From: subscribe, IPv_Type: ipv4, Location: 美国-加利福尼亚州-洛杉矶, ISP: IT7网络, Date: None, Delay: 75 ms, Speed: 17.68 M/s, Resolution: 1920x1080
Name: 陕西都市青春, URL: https://iptv.catvod.com/live.php?id=%E9%99%95%E8%A5%BF%E9%83%BD%E5%B8%82%E9%9D%92%E6%98%A5%E9%A2%91%E9%81%93&line=1, From: subscribe, IPv_Type: ipv4, Location: 美国-加利福尼亚州-洛杉矶, ISP: IT7网络, Date: None, Delay: 50 ms, Speed: 21.94 M/s, Resolution: 1920x1080
Name: 陕西公共, URL: http://ls.qingting.fm/live/1222.m3u8, From: subscribe, IPv_Type: ipv6, Location: 中国-广东-东莞, ISP: 电信, Date: None, Delay: 1326 ms, Speed: 0.05 M/s, Resolution: 1920x1080
Name: 陕西体育休闲, URL: https://iptv.catvod.com/live.php?id=%E9%99%95%E8%A5%BF%E4%BD%93%E8%82%B2%E4%BC%91%E9%97%B2%E9%A2%91%E9%81%93&line=1, From: subscribe, IPv_Type: ipv4, Location: 美国-加利福尼亚州-洛杉矶, ISP: IT7网络, Date: None, Delay: 67 ms, Speed: 18.81 M/s, Resolution: 1920x1080
Name: 三明新闻综合, URL: http://ls.qingting.fm/live/4885.m3u8, From: subscribe, IPv_Type: ipv6, Location: 中国-广东-东莞, ISP: 电信, Date: None, Delay: 630 ms, Speed: 0.10 M/s, Resolution: 1920x1080
Name: 云霄综合, URL: http://live.zzyxxw.com:85/live/xwzh.m3u8?fujian,, From: subscribe, IPv_Type: ipv6, Location: 中国, ISP: 中国电信, Date: None, Delay: 455 ms, Speed: 0.00 M/s, Resolution: 1920x1080
Name: 厦门卫视, URL: http://38.75.136.137:98/gslb/dsdqpub/xmws.m3u8?auth=testpub, From: subscribe, IPv_Type: ipv4, Location: 美国-伊利诺伊州-库克, ISP: Cogent, Date: None, Delay: 10444 ms, Speed: 0.22 M/s, Resolution: 720x576
Name: 厦门卫视, URL: http://nn.7x9d.cn/xzc2.php?ua=TW96aWxsYS81LjAgKFdpbmRvd3MgTlQgNi4xOyBXaW42NDsgeDY0KSBBcHBsZVdlYktpdC81MzcuMzYgKEtIVE1MLCBsaWtlIEdlY2tvKSBDaHJvbWUvMTA2LjAuMC4wIFNhZmFyaS81MzcuMzY=&hls=aHR0cDovL3R2dGoxLmp4d2x0eC5jb206ODAwMy90andzLm0zdTg=, From: subscribe, IPv_Type: ipv4, Location: 中国-江苏-宿迁, ISP: 七星云BGP数据中心, Date: None, Delay: 10004 ms, Speed: 0.20 M/s, Resolution: 720x576
Name: 厦门卫视, URL: https://epg.pw/stream/aa65dd411565991ace44f9e5934bd018fdd52122e052d471a363b6ee839e1079.ctv, From: subscribe, IPv_Type: ipv6, Location: 美国, ISP: CloudFlare Inc., Date: None, Delay: 10787 ms, Speed: 0.11 M/s, Resolution: 1920x1080
Name: 厦门卫视, URL: http://219.146.95.58:59902/tsfile/live/0129_1.m3u8?txiptv, From: subscribe, IPv_Type: ipv4, Location: 中国-山东-青岛, ISP: 电信, Date: None, Delay: 10369 ms, Speed: 0.04 M/s, Resolution: 720x576
Name: 厦门卫视, URL: http://183.11.239.36:808/hls/17/index.m3u8, From: subscribe, IPv_Type: ipv4, Location: 中国-广东-深圳, ISP: 电信, Date: None, Delay: 10355 ms, Speed: 0.01 M/s, Resolution: None
Name: 厦门卫视, URL: http://125.42.150.159:9901/tsfile/live/0125_1.m3u8?key=txiptv&playlive=1&authid=0, From: subscribe, IPv_Type: ipv4, Location: 中国-河南-新乡, ISP: 联通, Date: None, Delay: 10221 ms, Speed: 0.00 M/s, Resolution: None
Name: 厦门卫视, URL: http://dassby.qqff.top:99/live/厦门卫视/index.m3u8, From: subscribe, IPv_Type: ipv4, Location: 中国-辽宁-鞍山, ISP: 联通, Date: None, Delay: 10748 ms, Speed: 0.00 M/s, Resolution: 720x576
Name: 厦门卫视, URL: rtsp://118.212.169.207:554/PLTV/88888888/224/3221227298/10000100000000060000000001945823_0.smil, From: subscribe, IPv_Type: ipv4, Location: 中国-江西, ISP: 联通, Date: None, Delay: 10005 ms, Speed: 0.00 M/s, Resolution: None
Name: 厦门卫视, URL: rtsp://115.153.245.70/PLTV/88888888/224/3221226982/85722609.smil, From: subscribe, IPv_Type: ipv4, Location: 中国-江西-宜春, ISP: 电信, Date: None, Delay: 10007 ms, Speed: 0.00 M/s, Resolution: None
Name: 厦门卫视, URL: rtsp://115.153.254.81/PLTV/88888888/224/3221226982/85722609.smil, From: subscribe, IPv_Type: ipv4, Location: 中国-江西-宜春, ISP: 电信, Date: None, Delay: 10007 ms, Speed: 0.00 M/s, Resolution: None
Name: 厦门卫视, URL: rtsp://115.153.240.228:554/PLTV/88888888/224/3221226982/85722609.smil, From: subscribe, IPv_Type: ipv4, Location: 中国-江西-宜春, ISP: 电信, Date: None, Delay: 10009 ms, Speed: 0.00 M/s, Resolution: None
Name: 厦门卫视, URL: rtsp://115.153.212.72/PLTV/88888888/224/3221226982/85722609.smil, From: subscribe, IPv_Type: ipv4, Location: 中国-江西-宜春, ISP: 电信, Date: None, Delay: 10008 ms, Speed: 0.00 M/s, Resolution: None
Name: 厦门卫视, URL: rtsp://115.153.233.154/PLTV/88888888/224/3221226982/85722609.smil, From: subscribe, IPv_Type: ipv4, Location: 中国-江西-宜春, ISP: 电信, Date: None, Delay: 10007 ms, Speed: 0.00 M/s, Resolution: None
Name: 厦门卫视, URL: rtsp://115.153.247.80/PLTV/88888888/224/3221226982/85722609.smil, From: subscribe, IPv_Type: ipv4, Location: 中国-江西-宜春, ISP: 电信, Date: None, Delay: 10007 ms, Speed: 0.00 M/s, Resolution: None
Name: 厦门卫视, URL: rtsp://115.153.230.145/PLTV/88888888/224/3221226982/85722609.smil, From: subscribe, IPv_Type: ipv4, Location: 中国-江西-宜春, ISP: 电信, Date: None, Delay: 10005 ms, Speed: 0.00 M/s, Resolution: None
Name: 厦门卫视, URL: rtsp://115.153.222.112:554/PLTV/88888888/224/3221226982/85722609.smil, From: subscribe, IPv_Type: ipv4, Location: 中国-江西-宜春, ISP: 电信, Date: None, Delay: 10005 ms, Speed: 0.00 M/s, Resolution: None
Name: 厦门卫视, URL: http://e2.woc.iiiya.cn:28888/rtp/239.61.2.11:8060, From: subscribe, IPv_Type: ipv4, Location: 中国-福建-厦门, ISP: 电信, Date: None, Delay: 468 ms, Speed: 0.00 M/s, Resolution: 720x576
Name: 福州少儿, URL: http://live.zohi.tv/video/s10001-fztv-4/index.m3u8, From: subscribe, IPv_Type: ipv6, Location: 中国, ISP: 中国电信, Date: None, Delay: 1173 ms, Speed: 0.28 M/s, Resolution: 1920x1080
Name: 福建新闻, URL: http://satellitepull.cnr.cn/live/wx32fjxwgb/playlist.m3u8, From: subscribe, IPv_Type: ipv4, Location: 美国-德克萨斯州-达拉斯, ISP: 网宿科技CDN节点, Date: None, Delay: 60 ms, Speed: 1.66 M/s, Resolution: None
Name: 福建新闻, URL: https://satellitepull.cnr.cn/live/wx32fjxwgb/playlist.m3u8, From: subscribe, IPv_Type: ipv4, Location: 美国-德克萨斯州-达拉斯, ISP: 网宿科技CDN节点, Date: None, Delay: 93 ms, Speed: 1.18 M/s, Resolution: None
Name: 福建新闻, URL: http://live.xmcdn.com/live/792/64.m3u8, From: subscribe, IPv_Type: ipv4, Location: 美国-德克萨斯州-达拉斯, ISP: 网宿科技CDN节点, Date: None, Delay: 844 ms, Speed: 0.07 M/s, Resolution: None
Name: 福建经济, URL: http://satellitepull.cnr.cn/live/wx32fjdnjjgb/playlist.m3u8, From: subscribe, IPv_Type: ipv4, Location: 美国-德克萨斯州-达拉斯, ISP: 网宿科技CDN节点, Date: None, Delay: 58 ms, Speed: 1.68 M/s, Resolution: None
Name: 福建公共, URL: http://e1.woc.iiiya.cn:18888/rtp/239.61.2.3:8012, From: subscribe, IPv_Type: ipv4, Location: 中国-福建-厦门, ISP: 电信, Date: None, Delay: 597 ms, Speed: 0.06 M/s, Resolution: 1920x1080
Name: 福建旅游, URL: http://e1.woc.iiiya.cn:18888/rtp/239.61.2.6:8030, From: subscribe, IPv_Type: ipv4, Location: 中国-福建-厦门, ISP: 电信, Date: None, Delay: 451 ms, Speed: 0.06 M/s, Resolution: 1920x1080
Name: 海南自贸, URL: http://nn.7x9d.cn/地方台8563/海南.php?id=jjpd, From: subscribe, IPv_Type: ipv4, Location: 中国-江苏-宿迁, ISP: 七星云BGP数据中心, Date: None, Delay: 2232 ms, Speed: 0.41 M/s, Resolution: 1280x720
Name: 海南文旅, URL: http://nn.7x9d.cn/地方台8563/海南.php?id=wlpd, From: subscribe, IPv_Type: ipv4, Location: 中国-江苏-宿迁, ISP: 七星云BGP数据中心, Date: None, Delay: 1449 ms, Speed: 0.45 M/s, Resolution: 1280x720
Name: 海南少儿, URL: http://nn.7x9d.cn/地方台8563/海南.php?id=sepd, From: subscribe, IPv_Type: ipv4, Location: 中国-江苏-宿迁, ISP: 七星云BGP数据中心, Date: None, Delay: 1450 ms, Speed: 0.47 M/s, Resolution: 1280x720
Name: 梨园, URL: https://dxtx.hntv.tv/live/lypd.m3u8?txSecret=10c771842a0be59e8b575d765173ec96&txTime=7B923E0A&wsSecret=41543190cdf375f1c73207222bb96542&wsTime=1769313549, From: subscribe, IPv_Type: ipv4, Location: 中国-重庆-重庆, ISP: 联通, Date: None, Delay: 1625 ms, Speed: 1.23 M/s, Resolution: 1920x1080
Name: 梨园, URL: http://gcalic.v.myalicdn.com/gc/ahhs01_1/index.m3u8, From: subscribe, IPv_Type: ipv4, Location: 中国-上海-上海, ISP: 电信, Date: None, Delay: 2349 ms, Speed: 1.09 M/s, Resolution: 1920x1080
Name: 临颍综合, URL: http://live.dxhmt.cn:9081/tv/11122-1.m3u8, From: subscribe, IPv_Type: ipv4, Location: 中国-河南-郑州, ISP: 联通, Date: None, Delay: 10042 ms, Speed: 0.02 M/s, Resolution: 1920x1080
Name: 光山综合, URL: http://live.dxhmt.cn:9081/tv/11522-1.m3u8, From: subscribe, IPv_Type: ipv4, Location: 中国-河南-郑州, ISP: 联通, Date: None, Delay: 10525 ms, Speed: 0.02 M/s, Resolution: 1920x1080
Name: 兰考新闻, URL: http://live.dxhmt.cn:9081/tv/10225-1.m3u8, From: subscribe, IPv_Type: ipv4, Location: 中国-河南-郑州, ISP: 联通, Date: None, Delay: 10084 ms, Speed: 0.02 M/s, Resolution: 1920x1080
Name: 卫辉综合, URL: http://live.dxhmt.cn:9081/tv/10781-1.m3u8, From: subscribe, IPv_Type: ipv4, Location: 中国-河南-郑州, ISP: 联通, Date: None, Delay: 10479 ms, Speed: 0.01 M/s, Resolution: 1920x1080
Name: 叶县, URL: http://live.dxhmt.cn:9081/tv/10422-1.m3u8?, From: subscribe, IPv_Type: ipv4, Location: 中国-河南-郑州, ISP: 联通, Date: None, Delay: 10186 ms, Speed: 0.02 M/s, Resolution: 1920x1080
Name: 叶县, URL: http://live.dxhmt.cn:9081/tv/10422-1.m3u8, From: subscribe, IPv_Type: ipv4, Location: 中国-河南-郑州, ISP: 联通, Date: None, Delay: 10301 ms, Speed: 0.01 M/s, Resolution: 1920x1080
Name: 周口扶沟, URL: http://live.dxhmt.cn:9081/tv/11621-1.m3u8, From: subscribe, IPv_Type: ipv4, Location: 中国-河南-郑州, ISP: 联通, Date: None, Delay: 10251 ms, Speed: 0.02 M/s, Resolution: 1920x1080
Name: 唐河一套, URL: http://live.dxhmt.cn:9081/tv/11328-1.m3u8, From: subscribe, IPv_Type: ipv4, Location: 中国-河南-郑州, ISP: 联通, Date: None, Delay: 10257 ms, Speed: 0.01 M/s, Resolution: 1920x1080
Name: 固始综合, URL: http://live.dxhmt.cn:9081/tv/11525-1.m3u8, From: subscribe, IPv_Type: ipv4, Location: 中国-河南-郑州, ISP: 联通, Date: None, Delay: 10223 ms, Speed: 0.01 M/s, Resolution: 1920x1080
Name: 宝丰综合, URL: http://live.dxhmt.cn:9081/tv/10421-1.m3u8, From: subscribe, IPv_Type: ipv4, Location: 中国-河南-郑州, ISP: 联通, Date: None, Delay: 10399 ms, Speed: 0.02 M/s, Resolution: 1920x1080
Name: 巩义新闻综合, URL: http://live.dxhmt.cn:9081/tv/10181-1.m3u8, From: subscribe, IPv_Type: ipv4, Location: 中国-河南-郑州, ISP: 联通, Date: None, Delay: 10370 ms, Speed: 0.02 M/s, Resolution: 1920x1080
Name: 新县综合, URL: http://live.dxhmt.cn:9081/tv/11523-1.m3u8, From: subscribe, IPv_Type: ipv4, Location: 中国-河南-郑州, ISP: 联通, Date: None, Delay: 10395 ms, Speed: 0.02 M/s, Resolution: 1920x1080
Name: 新蔡综合, URL: http://live.dxhmt.cn:9081/tv/11729-1.m3u8, From: subscribe, IPv_Type: ipv4, Location: 中国-河南-郑州, ISP: 联通, Date: None, Delay: 10308 ms, Speed: 0.01 M/s, Resolution: 1920x1080
Name: 泌阳新闻综合, URL: http://live.dxhmt.cn:9081/tv/11726-1.m3u8, From: subscribe, IPv_Type: ipv4, Location: 中国-河南-郑州, ISP: 联通, Date: None, Delay: 10394 ms, Speed: 0.02 M/s, Resolution: 1920x1080
Name: 淅川电视, URL: http://live.dxhmt.cn:9081/tv/11326-1.m3u8, From: subscribe, IPv_Type: ipv4, Location: 中国-河南-郑州, ISP: 联通, Date: None, Delay: 10877 ms, Speed: 0.02 M/s, Resolution: 1920x1080
Name: 渑池新闻综合, URL: http://live.dxhmt.cn:9081/tv/11221-1.m3u8, From: subscribe, IPv_Type: ipv4, Location: 中国-河南-郑州, ISP: 联通, Date: None, Delay: 10325 ms, Speed: 0.02 M/s, Resolution: 1920x1080
Name: 温县综合, URL: http://live.dxhmt.cn:9081/tv/10825-1.m3u8, From: subscribe, IPv_Type: ipv4, Location: 中国-河南-郑州, ISP: 联通, Date: None, Delay: 10506 ms, Speed: 0.02 M/s, Resolution: 1920x1080
Name: 潢川综合, URL: http://live.dxhmt.cn:9081/tv/11526-1.m3u8, From: subscribe, IPv_Type: ipv4, Location: 中国-河南-郑州, ISP: 联通, Date: None, Delay: 10987 ms, Speed: 0.01 M/s, Resolution: 1920x1080
Name: 登封综合, URL: http://live.dxhmt.cn:9081/tv/10185-1.m3u8, From: subscribe, IPv_Type: ipv4, Location: 中国-河南-郑州, ISP: 联通, Date: None, Delay: 10387 ms, Speed: 0.01 M/s, Resolution: 1920x1080
Name: 禹州综合, URL: http://live.dxhmt.cn:9081/tv/11081-1.m3u8, From: subscribe, IPv_Type: ipv4, Location: 中国-河南-郑州, ISP: 联通, Date: None, Delay: 10196 ms, Speed: 0.01 M/s, Resolution: 1920x1080
Name: 西华综合, URL: http://live.dxhmt.cn:9081/tv/11622-1.m3u8, From: subscribe, IPv_Type: ipv4, Location: 中国-河南-郑州, ISP: 联通, Date: None, Delay: 10796 ms, Speed: 0.01 M/s, Resolution: 1920x1080
Name: 郏县综合, URL: http://live.dxhmt.cn:9081/tv/10425-1.m3u8, From: subscribe, IPv_Type: ipv4, Location: 中国-河南-郑州, ISP: 联通, Date: None, Delay: 10319 ms, Speed: 0.01 M/s, Resolution: 1920x1080
Name: 郸城新闻综合, URL: http://live.dxhmt.cn:9081/tv/11625-1.m3u8?%E5%85%B3%E6%B3%A8%E5%BE%AE%E4%BF%A1%E5%85%AC%E4%BC%97%E5%8F%B7[%E6%99%B4%E5%9B%AD], From: subscribe, IPv_Type: ipv4, Location: 中国-河南-郑州, ISP: 联通, Date: None, Delay: 10548 ms, Speed: 0.02 M/s, Resolution: 1920x1080
Name: 郸城新闻综合, URL: http://live.dxhmt.cn:9081/tv/11625-1.m3u8, From: subscribe, IPv_Type: ipv4, Location: 中国-河南-郑州, ISP: 联通, Date: None, Delay: 10386 ms, Speed: 0.01 M/s, Resolution: 1920x1080
Name: 鄢陵综合, URL: http://live.dxhmt.cn:9081/tv/11024-1.m3u8, From: subscribe, IPv_Type: ipv4, Location: 中国-河南-郑州, ISP: 联通, Date: None, Delay: 10722 ms, Speed: 0.01 M/s, Resolution: 1920x1080
Name: 项城新闻, URL: http://live.dxhmt.cn:9081/tv/11681-1.m3u8, From: subscribe, IPv_Type: ipv4, Location: 中国-河南-郑州, ISP: 联通, Date: None, Delay: 10871 ms, Speed: 0.02 M/s, Resolution: 1920x1080
Name: 邓州新闻, URL: http://live.dxhmt.cn:9081/tv/11381-1.m3u8, From: subscribe, IPv_Type: ipv4, Location: 中国-河南-郑州, ISP: 联通, Date: None, Delay: 10387 ms, Speed: 0.01 M/s, Resolution: 1920x1080
Name: 荥阳综合, URL: http://live.dxhmt.cn:9081/tv/10182-1.m3u8, From: subscribe, IPv_Type: ipv4, Location: 中国-河南-郑州, ISP: 联通, Date: None, Delay: 10292 ms, Speed: 0.02 M/s, Resolution: 1920x1080
Name: 灵宝新闻综合, URL: http://live.dxhmt.cn:9081/tv/11282-1.m3u8, From: subscribe, IPv_Type: ipv4, Location: 中国-河南-郑州, ISP: 联通, Date: None, Delay: 10280 ms, Speed: 0.01 M/s, Resolution: 1920x1080
Name: 滑县新闻, URL: http://live.dxhmt.cn:9081/tv/10526-1.m3u8, From: subscribe, IPv_Type: ipv4, Location: 中国-河南-郑州, ISP: 联通, Date: None, Delay: 10982 ms, Speed: 0.01 M/s, Resolution: 1920x1080
Name: 济源电视一套, URL: http://live.dxhmt.cn:9081/tv/19001-1.m3u8, From: subscribe, IPv_Type: ipv4, Location: 中国-河南-郑州, ISP: 联通, Date: None, Delay: 10389 ms, Speed: 0.01 M/s, Resolution: 1920x1080
Name: 河南都市, URL: http://1.94.31.214/php/hntv.php?id=hnds, From: subscribe, IPv_Type: ipv4, Location: 中国-上海-上海, ISP: 华为云, Date: None, Delay: 58 ms, Speed: 1.54 M/s, Resolution: 1920x1080
Name: 沁阳新闻综合, URL: http://live.dxhmt.cn:9081/tv/10882-1.m3u8, From: subscribe, IPv_Type: ipv4, Location: 中国-河南-郑州, ISP: 联通, Date: None, Delay: 10534 ms, Speed: 0.02 M/s, Resolution: 1920x1080
Name: 永城综合, URL: http://live.dxhmt.cn:9081/tv/11481-1.m3u8, From: subscribe, IPv_Type: ipv4, Location: 中国-河南-郑州, ISP: 联通, Date: None, Delay: 10342 ms, Speed: 0.02 M/s, Resolution: 1920x1080
Name: 方城一套, URL: http://live.dxhmt.cn:9081/tv/11322-1.m3u8, From: subscribe, IPv_Type: ipv4, Location: 中国-河南-郑州, ISP: 联通, Date: None, Delay: 10207 ms, Speed: 0.02 M/s, Resolution: 1920x1080
Name: 新野综合, URL: http://live.dxhmt.cn:9081/tv/11329-1.m3u8, From: subscribe, IPv_Type: ipv4, Location: 中国-河南-郑州, ISP: 联通, Date: None, Delay: 10245 ms, Speed: 0.02 M/s, Resolution: 1920x1080
Name: 新安新闻综合, URL: http://live.dxhmt.cn:9081/tv/10323-1.m3u8, From: subscribe, IPv_Type: ipv4, Location: 中国-河南-郑州, ISP: 联通, Date: None, Delay: 10889 ms, Speed: 0.02 M/s, Resolution: 1920x1080
Name: 开封新闻综合, URL: http://live.dxhmt.cn:9081/tv/10200-2.m3u8, From: subscribe, IPv_Type: ipv4, Location: 中国-河南-郑州, ISP: 联通, Date: None, Delay: 10384 ms, Speed: 0.01 M/s, Resolution: 720x576
Name: 开封文化旅游, URL: http://live.dxhmt.cn:9081/tv/10200-3.m3u8, From: subscribe, IPv_Type: ipv4, Location: 中国-河南-郑州, ISP: 联通, Date: None, Delay: 10021 ms, Speed: 0.01 M/s, Resolution: 720x576
Name: 宜阳综合, URL: http://live.dxhmt.cn:9081/tv/10327-1.m3u8, From: subscribe, IPv_Type: ipv4, Location: 中国-河南-郑州, ISP: 联通, Date: None, Delay: 10990 ms, Speed: 0.02 M/s, Resolution: 1920x1080
Name: 内黄综合, URL: http://live.dxhmt.cn:9081/tv/10527-1.m3u8, From: subscribe, IPv_Type: ipv4, Location: 中国-河南-郑州, ISP: 联通, Date: None, Delay: 10236 ms, Speed: 0.02 M/s, Resolution: 1920x1080
Name: 内黄综合, URL: http://live.dxhmt.cn:9081/tv/10527-1.m3u8?, From: subscribe, IPv_Type: ipv4, Location: 中国-河南-郑州, ISP: 联通, Date: None, Delay: 10395 ms, Speed: 0.01 M/s, Resolution: 1920x1080
Name: 内乡综合, URL: http://live.dxhmt.cn:9081/tv/11325-1.m3u8, From: subscribe, IPv_Type: ipv4, Location: 中国-河南-郑州, ISP: 联通, Date: None, Delay: 10887 ms, Speed: 0.02 M/s, Resolution: 720x576
Name: 偃师新闻, URL: http://live.dxhmt.cn:9081/tv/10381-1.m3u8, From: subscribe, IPv_Type: ipv4, Location: 中国-河南-郑州, ISP: 联通, Date: None, Delay: 10926 ms, Speed: 0.01 M/s, Resolution: 1920x1080
Name: 邯郸科技教育, URL: https://jwcdnqx.hebyun.com.cn/live/hdkj/1500k/tzwj_video.m3u8, From: subscribe, IPv_Type: ipv6, Location: 中国, ISP: 中国联通, Date: None, Delay: 1907 ms, Speed: 0.97 M/s, Resolution: 1920x1080
Name: 邯郸公共, URL: https://jwcdnqx.hebyun.com.cn/live/hdgg/1500k/tzwj_video.m3u8, From: subscribe, IPv_Type: ipv6, Location: 中国, ISP: 中国联通, Date: None, Delay: 1850 ms, Speed: 0.68 M/s, Resolution: 1920x1080
Name: 邯郸新闻, URL: https://jwcdnqx.hebyun.com.cn/live/hdxwzh/1500k/tzwj_video.m3u8, From: subscribe, IPv_Type: ipv6, Location: 中国, ISP: 中国联通, Date: None, Delay: 1945 ms, Speed: 1.06 M/s, Resolution: 1920x1080
Name: 衡水公共, URL: http://ls.qingting.fm/live/2810.m3u8, From: subscribe, IPv_Type: ipv6, Location: 中国-广东-东莞, ISP: 电信, Date: None, Delay: 1530 ms, Speed: 0.04 M/s, Resolution: 1920x1080
Name: 河北都市, URL: rtmp://tv.pull.hebtv.com/jishi/dushipindao?t=2510710360&k=b43f406360a945d199904faf3b6e2c18, From: subscribe, IPv_Type: ipv6, Location: 中国, ISP: 中国电信, Date: None, Delay: -1 ms, Speed: inf M/s, Resolution: 1920x1080
Name: 河北都市, URL: https://radio.pull.hebtv.com/live/hebnczx.m3u8, From: subscribe, IPv_Type: ipv4, Location: 中国-北京-北京, ISP: 电信, Date: None, Delay: 919 ms, Speed: 0.11 M/s, Resolution: None
Name: 河北农民, URL: rtmp://tv.pull.hebtv.com/jishi/nongminpindao?t=2510710360&k=a3c2c0f740a31dc24d48ad098cd1eec3, From: subscribe, IPv_Type: ipv6, Location: 中国, ISP: 中国电信, Date: None, Delay: -1 ms, Speed: inf M/s, Resolution: 1920x1080
Name: 昌黎综合, URL: https://jwcdnqx.hebyun.com.cn/live/clzhpd/1500k/tzwj_video.m3u8, From: subscribe, IPv_Type: ipv6, Location: 中国, ISP: 中国联通, Date: None, Delay: 2182 ms, Speed: 1.78 M/s, Resolution: 1280x720
Name: 任丘综合, URL: https://jwcdnqx.hebyun.com.cn/live/rqtv1/1500k/tzwj_video.m3u8, From: subscribe, IPv_Type: ipv6, Location: 中国, ISP: 中国联通, Date: None, Delay: 2242 ms, Speed: 1.16 M/s, Resolution: 1920x1080
Name: 兴隆综合, URL: https://jwcdnqx.hebyun.com.cn/live/xlzh/1500k/tzwj_video.m3u8, From: subscribe, IPv_Type: ipv6, Location: 中国, ISP: 中国联通, Date: None, Delay: 2223 ms, Speed: 1.64 M/s, Resolution: 1920x1080
Name: 平泉综合, URL: https://jwcdnqx.hebyun.com.cn/live/pqzh/1500k/tzwj_video.m3u8, From: subscribe, IPv_Type: ipv6, Location: 中国, ISP: 中国联通, Date: None, Delay: 2385 ms, Speed: 1.99 M/s, Resolution: 1920x1080
Name: 清河经济综艺, URL: https://jwcdnqx.hebyun.com.cn/live/qinghe1/1500k/tzwj_video.m3u8, From: subscribe, IPv_Type: ipv6, Location: 中国, ISP: 中国联通, Date: None, Delay: 2232 ms, Speed: 1.53 M/s, Resolution: 1920x1080
Name: 安顺新闻, URL: http://hplayer1.juyun.tv/camera/154379194.m3u8, From: subscribe, IPv_Type: ipv6, Location: 中国, ISP: 中国联通, Date: None, Delay: 1182 ms, Speed: 0.46 M/s, Resolution: 1920x1080
Name: 贵州移动电视, URL: http://www.ltxs.pro:4022/rtp/238.255.2.9:5999, From: subscribe, IPv_Type: ipv4, Location: 中国-贵州-贵阳, ISP: 电信, Date: None, Delay: 750 ms, Speed: 0.03 M/s, Resolution: 1920x1080
Name: 甘肃经济, URL: https://satellitepull.cnr.cn/live/wxgshhzs/playlist.m3u8, From: subscribe, IPv_Type: ipv4, Location: 美国-德克萨斯州-达拉斯, ISP: 网宿科技CDN节点, Date: None, Delay: 79 ms, Speed: 1.23 M/s, Resolution: None
Name: 甘肃都市, URL: https://satellitepull.cnr.cn/live/wxgsdstb/playlist.m3u8, From: subscribe, IPv_Type: ipv4, Location: 美国-德克萨斯州-达拉斯, ISP: 网宿科技CDN节点, Date: None, Delay: 92 ms, Speed: 1.11 M/s, Resolution: None
Name: 临夏州综合, URL: http://play.kankanlive.com/live/1714096320293954.m3u8, From: subscribe, IPv_Type: ipv4, Location: 中国-山东-青岛, ISP: 联通, Date: None, Delay: 989 ms, Speed: 0.41 M/s, Resolution: 720x576
Name: 嘉峪关综合, URL: http://play.kankanlive.com/live/1720583434627241.m3u8, From: subscribe, IPv_Type: ipv4, Location: 中国-河北-廊坊, ISP: 联通, Date: None, Delay: 1331 ms, Speed: 1.41 M/s, Resolution: 1920x1080
Name: 天祝综合, URL: https://play.kankanlive.com/live/1656487214793905.m3u8, From: subscribe, IPv_Type: ipv4, Location: 中国-山东-青岛, ISP: 联通, Date: None, Delay: 1805 ms, Speed: 2.27 M/s, Resolution: 1920x1080
Name: 永昌综合, URL: http://play.kankanlive.com/live/1720408280309109.m3u8, From: subscribe, IPv_Type: ipv4, Location: 中国-河北, ISP: 联通, Date: None, Delay: 1499 ms, Speed: 1.26 M/s, Resolution: 1920x1080
Name: 甘南综合, URL: https://play.kankanlive.com/live/1711955176432990.m3u8, From: subscribe, IPv_Type: ipv4, Location: 中国-山东-青岛, ISP: 联通, Date: None, Delay: 1363 ms, Speed: 0.17 M/s, Resolution: 1920x1080
Name: 甘肃少儿, URL: rtsp://180.95.143.19/PLTV/88888910/224/3221225494/10000100000000060000000000102582_0.smil, From: subscribe, IPv_Type: ipv4, Location: 中国-甘肃-金昌, ISP: 联通, Date: None, Delay: 10006 ms, Speed: 0.00 M/s, Resolution: None
Name: 甘肃少儿, URL: rtsp://116.176.26.18/PLTV/88888910/224/3221225494/10000100000000060000000000102582_0.smil, From: subscribe, IPv_Type: ipv4, Location: 中国-甘肃, ISP: 联通, Date: None, Delay: 10007 ms, Speed: 0.00 M/s, Resolution: None
Name: 甘肃少儿, URL: rtmp://livein.gstv.com.cn/49048r/922k96, From: subscribe, IPv_Type: ipv4, Location: 中国-甘肃-兰州, ISP: 电信, Date: None, Delay: 5287 ms, Speed: 0.00 M/s, Resolution: None
Name: 甘肃少儿, URL: rtsp://116.176.26.19/PLTV/88888910/224/3221225485/10000100000000060000000000102562_0.smil, From: subscribe, IPv_Type: ipv4, Location: 中国-甘肃, ISP: 联通, Date: None, Delay: 10005 ms, Speed: 0.00 M/s, Resolution: None
Name: 甘肃少儿, URL: rtsp://115.85.232.19/PLTV/88888910/224/3221225494/10000100000000060000000000102582_0.smil, From: subscribe, IPv_Type: ipv4, Location: 中国-甘肃-金昌, ISP: 联通, Date: None, Delay: 10006 ms, Speed: 0.00 M/s, Resolution: None
Name: 甘肃少儿, URL: rtsp://60.13.23.179/PLTV/88888910/224/3221225494/10000100000000060000000000102582_0.smil, From: subscribe, IPv_Type: ipv4, Location: 中国-甘肃-兰州, ISP: 联通, Date: None, Delay: 10005 ms, Speed: 0.00 M/s, Resolution: None
Name: 甘肃少儿, URL: rtsp://221.7.61.147/PLTV/88888910/224/3221225494/10000100000000060000000000102582_0.smil, From: subscribe, IPv_Type: ipv4, Location: 中国-甘肃-白银, ISP: 联通, Date: None, Delay: 10005 ms, Speed: 0.00 M/s, Resolution: None
Name: 甘肃少儿, URL: rtsp://60.13.39.18/PLTV/88888910/224/3221225485/10000100000000060000000000102562_0.smil, From: subscribe, IPv_Type: ipv4, Location: 中国-甘肃-天水, ISP: 联通, Date: None, Delay: 10005 ms, Speed: 0.00 M/s, Resolution: None
Name: 甘肃少儿, URL: rtsp://60.13.27.115/PLTV/88888910/224/3221225485/10000100000000060000000000102562_0.smil, From: subscribe, IPv_Type: ipv4, Location: 中国-甘肃-兰州, ISP: 联通, Date: None, Delay: 10005 ms, Speed: 0.00 M/s, Resolution: None
Name: 甘肃少儿, URL: rtsp://60.13.39.19/PLTV/88888910/224/3221225485/10000100000000060000000000102562_0.smil, From: subscribe, IPv_Type: ipv4, Location: 中国-甘肃-天水, ISP: 联通, Date: None, Delay: 10005 ms, Speed: 0.00 M/s, Resolution: None
Name: 甘肃少儿, URL: rtsp://124.152.124.50/PLTV/88888910/224/3221225485/10000100000000060000000000102562_0.smil, From: subscribe, IPv_Type: ipv4, Location: 中国-甘肃, ISP: 联通, Date: None, Delay: 10005 ms, Speed: 0.00 M/s, Resolution: None
Name: 甘肃少儿, URL: rtsp://115.85.205.19/PLTV/88888910/224/3221225485/10000100000000060000000000102562_0.smil, From: subscribe, IPv_Type: ipv4, Location: 中国-甘肃-嘉峪关, ISP: 联通, Date: None, Delay: 10005 ms, Speed: 0.00 M/s, Resolution: None
Name: 白银综合, URL: https://play.kankanlive.com/live/1720408089419110.m3u8, From: subscribe, IPv_Type: ipv4, Location: 中国-山东-青岛, ISP: 联通, Date: None, Delay: 1784 ms, Speed: 1.16 M/s, Resolution: 1920x1080
Name: 秦安综合, URL: https://play.kankanlive.com/live/1659926941626981.m3u8, From: subscribe, IPv_Type: ipv4, Location: 中国-河北, ISP: 联通, Date: None, Delay: 1625 ms, Speed: 1.20 M/s, Resolution: 1920x1080
Name: 西峰综合, URL: https://play.kankanlive.com/live/1683944827526991.m3u8, From: subscribe, IPv_Type: ipv4, Location: 中国-山东-青岛, ISP: 联通, Date: None, Delay: 1611 ms, Speed: 1.36 M/s, Resolution: 1280x720
Name: 西峰综合, URL: http://play.kankanlive.com/live/1683944827526991.m3u8, From: subscribe, IPv_Type: ipv4, Location: 中国-山东-青岛, ISP: 联通, Date: None, Delay: 1545 ms, Speed: 1.31 M/s, Resolution: 1280x720
Name: 金昌综合, URL: http://stream4.liveyun.hoge.cn/ch02/sd/live.m3u8, From: subscribe, IPv_Type: ipv4, Location: IANA, ISP: 本机地址, Date: None, Delay: 189 ms, Speed: 0.00 M/s, Resolution: None
Name: 伊犁维吾尔, URL: http://110.153.180.106:55555/out_2/index.m3u8, From: subscribe, IPv_Type: ipv4, Location: 中国-新疆-伊犁哈萨克自治州, ISP: 电信, Date: None, Delay: 3595 ms, Speed: 1.62 M/s, Resolution: None
Name: 伊犁维吾尔, URL: http://110.153.180.106:55555/out_2/index.m3u8?zxinjd, From: subscribe, IPv_Type: ipv4, Location: 中国-新疆-伊犁哈萨克自治州, ISP: 电信, Date: None, Delay: 4659 ms, Speed: 1.58 M/s, Resolution: None
Name: 伊犁哈萨克, URL: http://110.153.180.106:55555/out_3/index.m3u8, From: subscribe, IPv_Type: ipv4, Location: 中国-新疆-伊犁哈萨克自治州, ISP: 电信, Date: None, Delay: 10873 ms, Speed: 0.37 M/s, Resolution: None
Name: 伊犁经济法制, URL: http://110.153.180.106:55555/out_4/index.m3u8, From: subscribe, IPv_Type: ipv4, Location: 中国-新疆-伊犁哈萨克自治州, ISP: 电信, Date: None, Delay: 3513 ms, Speed: 1.75 M/s, Resolution: None
Name: 伊犁经济法制, URL: http://110.153.180.106:55555/out_4/index.m3u8?zxinjd, From: subscribe, IPv_Type: ipv4, Location: 中国-新疆-伊犁哈萨克自治州, ISP: 电信, Date: None, Delay: 10856 ms, Speed: 0.28 M/s, Resolution: None
Name: 兵团五师双河新闻综合, URL: http://liveout.btzx.com.cn/62ds9e/4nxdih.m3u8?fbl=, From: subscribe, IPv_Type: ipv4, Location: 中国-河南-信阳, ISP: 电信, Date: None, Delay: 1179 ms, Speed: 0.35 M/s, Resolution: 720x576
Name: 兵团五师双河新闻综合, URL: https://liveout.btzx.com.cn/62ds9e/4nxdih.m3u8?zxinjd, From: subscribe, IPv_Type: ipv4, Location: 中国-河南-信阳, ISP: 电信, Date: None, Delay: 1595 ms, Speed: 0.29 M/s, Resolution: 720x576
Name: 奎屯哈萨克语, URL: http://218.84.12.186:8002/hls/main/playlist.m3u8?zxinjd, From: subscribe, IPv_Type: ipv4, Location: 中国-新疆-伊犁哈萨克自治州, ISP: 电信, Date: None, Delay: 7301 ms, Speed: 0.18 M/s, Resolution: 1920x1080
Name: 奎屯哈萨克语, URL: http://218.84.12.186:8002/hls/main/playlist.m3u8, From: subscribe, IPv_Type: ipv4, Location: 中国-新疆-伊犁哈萨克自治州, ISP: 电信, Date: None, Delay: 10815 ms, Speed: 0.08 M/s, Resolution: 1920x1080
Name: 玛纳斯综合, URL: http://218.84.127.245:1026/hls/main1/playlist.m3u8?zxinjd,, From: subscribe, IPv_Type: ipv4, Location: 中国-新疆-昌吉回族自治州, ISP: 电信, Date: None, Delay: 3944 ms, Speed: 0.27 M/s, Resolution: 1920x1080
Name: 玛纳斯综合, URL: http://218.84.127.245:1026/hls/main1/playlist.m3u8, From: subscribe, IPv_Type: ipv4, Location: 中国-新疆-昌吉回族自治州, ISP: 电信, Date: None, Delay: 3950 ms, Speed: 0.27 M/s, Resolution: 1920x1080
Name: 玛纳斯综合, URL: http://218.84.127.245:1026/hls/main1/playlist.m3u8?zxinjd, From: subscribe, IPv_Type: ipv4, Location: 中国-新疆-昌吉回族自治州, ISP: 电信, Date: None, Delay: 5062 ms, Speed: 0.22 M/s, Resolution: 1920x1080
Name: 可克达拉综合, URL: rtmp://liveout.btzx.com.cn/62ds9e/4nxdih, From: subscribe, IPv_Type: ipv4, Location: 中国-河南-信阳, ISP: 电信, Date: None, Delay: -1 ms, Speed: inf M/s, Resolution: 720x576
Name: 可克达拉综合, URL: http://file.loulannews.cn/nmip-media/channellive/channel103824/playlist.m3u8, From: subscribe, IPv_Type: ipv4, Location: 中国-新疆, ISP: 移动, Date: None, Delay: 10561 ms, Speed: 0.08 M/s, Resolution: 1920x1080
Name: 奎屯汉语综合, URL: http://218.84.12.186:8001/hls/main/playlist.m3u8?zxinjd, From: subscribe, IPv_Type: ipv4, Location: 中国-新疆-伊犁哈萨克自治州, ISP: 电信, Date: None, Delay: 3515 ms, Speed: 0.39 M/s, Resolution: 0x0
Name: 巴音郭楞州, URL: rtmp://tv.loulannews.cn/channellive/ch1, From: subscribe, IPv_Type: ipv4, Location: 中国-新疆, ISP: 移动, Date: None, Delay: -1 ms, Speed: inf M/s, Resolution: 1920x1080
Name: 石河子教育, URL: rtmp://124.88.144.73:1935/live/jiaoyu, From: subscribe, IPv_Type: ipv4, Location: 中国-新疆-石河子, ISP: 联通, Date: None, Delay: -1 ms, Speed: inf M/s, Resolution: 1920x1080
Name: 石河子新闻综合, URL: rtmp://124.88.144.73:1935/live/xwzh, From: subscribe, IPv_Type: ipv4, Location: 中国-新疆-石河子, ISP: 联通, Date: None, Delay: -1 ms, Speed: inf M/s, Resolution: 1920x1080
Name: 山东教育, URL: https://iptv.catvod.com/live.php?id=%E5%B1%B1%E4%B8%9C%E6%95%99%E8%82%B2&line=1, From: subscribe, IPv_Type: ipv4, Location: 美国-加利福尼亚州-洛杉矶, ISP: IT7网络, Date: None, Delay: 27 ms, Speed: 43.22 M/s, Resolution: 1920x1080
Name: 山东教育, URL: https://iptv.catvod.com/live.php?id=%E5%B1%B1%E4%B8%9C%E6%95%99%E8%82%B2, From: subscribe, IPv_Type: ipv4, Location: 美国-加利福尼亚州-洛杉矶, ISP: IT7网络, Date: None, Delay: 25 ms, Speed: 40.93 M/s, Resolution: 1920x1080
Name: 山东农科, URL: http://58.57.40.22:9901/tsfile/live/1022_1.m3u8, From: subscribe, IPv_Type: ipv4, Location: 中国-山东-临沂, ISP: 电信, Date: None, Delay: 10615 ms, Speed: 0.00 M/s, Resolution: None
Name: 山东生活, URL: http://ls.qingting.fm/live/60260.m3u8, From: subscribe, IPv_Type: ipv6, Location: 中国-广东-东莞, ISP: 电信, Date: None, Delay: 1135 ms, Speed: 0.05 M/s, Resolution: 1920x1080
Name: 山东文旅, URL: http://58.57.40.22:9901/tsfile/live/1023_1.m3u8, From: subscribe, IPv_Type: ipv4, Location: 中国-山东-临沂, ISP: 电信, Date: None, Delay: 10221 ms, Speed: 0.00 M/s, Resolution: None
Name: 山东综艺, URL: http://123.129.70.178:9901/tsfile/live/1001_1.m3u8, From: subscribe, IPv_Type: ipv4, Location: 中国-山东-东营, ISP: 联通, Date: None, Delay: 10570 ms, Speed: 0.05 M/s, Resolution: 720x576
Name: 山东综艺, URL: http://58.57.40.22:9901/tsfile/live/1021_1.m3u8, From: subscribe, IPv_Type: ipv4, Location: 中国-山东-临沂, ISP: 电信, Date: None, Delay: 10348 ms, Speed: 0.00 M/s, Resolution: None
Name: 青州综合, URL: rtmp://sdqz.chinashadt.com:2036/live/stream:1.stream, From: subscribe, IPv_Type: ipv4, Location: 中国-山东-潍坊, ISP: 联通, Date: None, Delay: -1 ms, Speed: inf M/s, Resolution: 720x576
Name: 东营综合, URL: rtmp://stream.hhek.cn:9936/live/xwzh_sd?shandd, From: subscribe, IPv_Type: ipv4, Location: 中国-山东-东营, ISP: 联通, Date: None, Delay: 5483 ms, Speed: 0.00 M/s, Resolution: None
Name: 万荣综合, URL: http://60.222.246.220:19433/hls1.m3u8, From: subscribe, IPv_Type: ipv4, Location: 中国-山西-运城, ISP: 联通, Date: None, Delay: 10896 ms, Speed: 0.19 M/s, Resolution: 720x404
Name: 大宁综合, URL: http://live.daningtv.com/aac_dngb/playlist.m3u8, From: subscribe, IPv_Type: ipv4, Location: 中国-河北-唐山, ISP: 联通, Date: None, Delay: 1118 ms, Speed: 0.07 M/s, Resolution: None
Name: 太谷新闻综合, URL: https://p2.vzan.com/slowlive/596867413819827251/live.m3u8?zbid=1725814272&amp;tpid=1516989100&amp;type=0, From: subscribe, IPv_Type: ipv4, Location: 美国-加利福尼亚州-洛杉矶, ISP: Zenlayer数据中心, Date: None, Delay: 1253 ms, Speed: 1.37 M/s, Resolution: 1920x1080
Name: 太谷新闻综合, URL: https://p2.vzan.com/slowlive/596867413819827251/live.m3u8?zbid=1725814272&tpid=1516989100&type=0, From: subscribe, IPv_Type: ipv4, Location: 美国-加利福尼亚州-洛杉矶, ISP: Zenlayer数据中心, Date: None, Delay: 1652 ms, Speed: 1.09 M/s, Resolution: 1920x1080
Name: 平遥新闻综合, URL: https://tntgjhjb.live.sxmty.com/live/hls/3a4585ac11ec4e1bb07b419101b370c3/baf63e2b313440c2a25d7859f9b73b05-1.m3u8?zshanxd, From: subscribe, IPv_Type: ipv6, Location: 中国, ISP: 中国电信, Date: None, Delay: 2441 ms, Speed: 0.83 M/s, Resolution: 1920x1080
Name: 武乡新闻综合, URL: http://uzoiczhh.live.sxmty.com/live/hls/0d41f1480c4042d49927858f01fde707/53130407737b417b9a6259b57246bae3.m3u8?zshanxd, From: subscribe, IPv_Type: ipv6, Location: 中国, ISP: 中国电信, Date: None, Delay: 1477 ms, Speed: 0.60 M/s, Resolution: 1920x1080
Name: 祁县新闻综合, URL: http://ggpagerl.live.sxmty.com/live/hls/b350dc1ac5da45c2b2233f6eb122ddf4/49d3766c7f204685a2a8f027b234c33d.m3u8?zshanxd, From: subscribe, IPv_Type: ipv6, Location: 中国, ISP: 中国电信, Date: None, Delay: 1125 ms, Speed: 0.23 M/s, Resolution: 1920x1080
Name: 长子综合, URL: https://83awgyp5.live.sxmty.com/live/hls/6f6f4b36f9bd42628b718b595ba507ed/724b7e8907a8414d873eb2a2f69bfa18.m3u8?zshanxd, From: subscribe, IPv_Type: ipv6, Location: 中国, ISP: 中国电信, Date: None, Delay: 1905 ms, Speed: 0.71 M/s, Resolution: 1920x1080
Name: 长子综合, URL: https://www.wxhcgbds.com:8081/channelTv/WXTV_1.m3u8?zshanxd, From: subscribe, IPv_Type: ipv4, Location: 中国-山西-运城, ISP: 电信, Date: None, Delay: 10779 ms, Speed: 0.13 M/s, Resolution: 720x576
Name: 黎城综合, URL: http://111.53.96.67:8081/live/1/index.m3u8?%E5%85%B3%E6%B3%A8%E5%BE%AE%E4%BF%A1%E5%85%AC%E4%BC%97%E5%8F%B7[%E6%99%B4%E5%9B%AD], From: subscribe, IPv_Type: ipv4, Location: 中国-山西, ISP: 移动, Date: None, Delay: 1781 ms, Speed: 1.56 M/s, Resolution: 1920x1080
Name: 黎城综合, URL: http://111.53.96.67:8081/live/1/index.m3u8, From: subscribe, IPv_Type: ipv4, Location: 中国-山西, ISP: 移动, Date: None, Delay: 1845 ms, Speed: 1.55 M/s, Resolution: 1920x1080
Name: 安徽国际, URL: http://hsza.f3322.net:4000/rtp/238.1.78.61:6360, From: subscribe, IPv_Type: ipv4, Location: 中国-安徽-黄山, ISP: 电信, Date: None, Delay: 386 ms, Speed: 0.00 M/s, Resolution: 1920x1080
Name: 安徽影视, URL: http://hsza.f3322.net:4000/rtp/238.1.79.42:4448, From: subscribe, IPv_Type: ipv4, Location: 中国-安徽-黄山, ISP: 电信, Date: None, Delay: 432 ms, Speed: 0.00 M/s, Resolution: 1920x1080
Name: 安徽导视, URL: http://dspdhls.appcoo.com:8888/live/dspd/index.m3u8, From: subscribe, IPv_Type: ipv4, Location: 中国-安徽, ISP: 移动, Date: None, Delay: 1659 ms, Speed: 1.58 M/s, Resolution: 1920x1080
Name: 合肥新闻, URL: http://112.27.235.94:8000/hls/18/index.m3u8, From: subscribe, IPv_Type: ipv4, Location: 中国-安徽, ISP: 移动, Date: None, Delay: 10152 ms, Speed: 0.09 M/s, Resolution: 720x576
Name: 固镇新闻, URL: http://www.guzhenm.com:7001/hls/hd-live.m3u8, From: subscribe, IPv_Type: ipv4, Location: 中国-安徽-蚌埠, ISP: 电信, Date: None, Delay: 4750 ms, Speed: 0.19 M/s, Resolution: 1920x1080
Name: 黄山新闻综合, URL: http://hslive.hsnewsnet.com/lsdream/hve9Wjs/1000/live.m3u8, From: subscribe, IPv_Type: ipv6, Location: 中国, ISP: 中国电信, Date: None, Delay: 10257 ms, Speed: 0.05 M/s, Resolution: 1920x1080
Name: 黄山新闻综合, URL: http://hslive.hsnewsnet.com/lsdream/hve9Wjs/1000/live.m3u8?zanhd, From: subscribe, IPv_Type: ipv6, Location: 中国, ISP: 中国联通, Date: None, Delay: 10109 ms, Speed: 0.05 M/s, Resolution: 1920x1080
Name: 黄山公共生活, URL: http://hslive.hsnewsnet.com/lsdream/iY92ady/1000/live.m3u8?zanhd, From: subscribe, IPv_Type: ipv6, Location: 中国, ISP: 中国电信, Date: None, Delay: 10564 ms, Speed: 0.04 M/s, Resolution: 1920x1080
Name: 铜陵新闻综合, URL: https://ls.qingting.fm/live/21303/64k.m3u8, From: subscribe, IPv_Type: ipv6, Location: 中国-广东-东莞, ISP: 电信, Date: None, Delay: 1217 ms, Speed: 0.06 M/s, Resolution: 1920x1080
Name: 祁门综合, URL: rtmp://tv.qmxrmt.com/chan/ch1?zanhd#rtmp://tv.qmxrmt.com/chan/ch1, From: subscribe, IPv_Type: ipv4, Location: 中国-安徽, ISP: 移动, Date: None, Delay: -1 ms, Speed: inf M/s, Resolution: 1920x1080
Name: 祁门综合, URL: rtmp://tv.qmxrmt.com/chan/ch1, From: subscribe, IPv_Type: ipv4, Location: 中国-安徽, ISP: 移动, Date: None, Delay: -1 ms, Speed: inf M/s, Resolution: 1920x1080
Name: 祁门综合, URL: rtmp://tv.qmxrmt.com/chan/ch1?zanhd, From: subscribe, IPv_Type: ipv4, Location: 中国-安徽, ISP: 移动, Date: None, Delay: -1 ms, Speed: inf M/s, Resolution: 1920x1080
Name: 祁门综合, URL: http://zbbf2.ahbztv.com/live/416.m3u8?zanhd, From: subscribe, IPv_Type: ipv6, Location: 加拿大, ISP: , Date: None, Delay: 205 ms, Speed: 4.14 M/s, Resolution: 1920x1080
Name: 灵璧综合, URL: http://live.cms.anhuinews.com/video/s10003-lbtv/index.m3u8?zanhd#http://live.cms.anhuinews.com/video/s10003-lbtv/index.m3u8, From: subscribe, IPv_Type: ipv4, Location: 中国-安徽-合肥, ISP: 电信, Date: None, Delay: 2106 ms, Speed: 0.26 M/s, Resolution: 640x480
Name: 灵璧综合, URL: http://live.cms.anhuinews.com/video/s10003-lbtv/index.m3u8, From: subscribe, IPv_Type: ipv4, Location: 中国-安徽-合肥, ISP: 电信, Date: None, Delay: 2359 ms, Speed: 0.24 M/s, Resolution: 640x480
Name: 涡阳新闻综合, URL: http://220.180.124.18:888/live/ch0.m3u8, From: subscribe, IPv_Type: ipv4, Location: 中国-安徽-亳州, ISP: 电信, Date: None, Delay: 1613 ms, Speed: 0.28 M/s, Resolution: 544x480
Name: 宿松新闻综合, URL: rtmp://52181.lssplay.aodianyun.com/tv_radio_52181/tv_channel_3390?auth_key=4849469644-0-0-4ebac1aa7b06c07197e6a43bb43b3fa7, From: subscribe, IPv_Type: ipv4, Location: 中国-上海-上海, ISP: 电信, Date: None, Delay: -1 ms, Speed: inf M/s, Resolution: 720x404
Name: 宿松新闻综合, URL: http://live.ahsz.tv/video/s10001-szzh/index.m3u8, From: subscribe, IPv_Type: ipv6, Location: 中国, ISP: 中国电信, Date: None, Delay: 9355 ms, Speed: 0.09 M/s, Resolution: 1920x1080
Name: 宿州科教, URL: rtmp://live.ahsz.tv/video/s10001-kxjy, From: subscribe, IPv_Type: ipv6, Location: 中国, ISP: 中国移动, Date: None, Delay: -1 ms, Speed: inf M/s, Resolution: 1920x1080
Name: 宿州公共, URL: http://live.ahsz.tv/video/s10001-ggpd/index.m3u8, From: subscribe, IPv_Type: ipv6, Location: 中国, ISP: 中国移动, Date: None, Delay: 2301 ms, Speed: 0.04 M/s, Resolution: 1920x1080
Name: 六安新闻综合, URL: http://ls.qingting.fm/live/267.m3u8, From: subscribe, IPv_Type: ipv6, Location: 中国-广东-东莞, ISP: 电信, Date: None, Delay: 572 ms, Speed: 0.11 M/s, Resolution: 1920x1080
Name: 六安公共, URL: http://ls.qingting.fm/live/1794199.m3u8, From: subscribe, IPv_Type: ipv6, Location: 中国-广东-东莞, ISP: 电信, Date: None, Delay: 1445 ms, Speed: 0.04 M/s, Resolution: 1920x1080
Name: 亳州农村, URL: http://zbbf2.ahbztv.com/live/418.m3u8, From: subscribe, IPv_Type: ipv4, Location: 美国-伊利诺伊州-库克, ISP: 网宿CDN节点, Date: None, Delay: 121 ms, Speed: 4.26 M/s, Resolution: 1920x1080
Name: 宁夏经济, URL: http://satellitepull.cnr.cn/live/wxnxjjgb/playlist.m3u8, From: subscribe, IPv_Type: ipv4, Location: 美国-德克萨斯州-达拉斯, ISP: 网宿科技CDN节点, Date: None, Delay: 69 ms, Speed: 1.39 M/s, Resolution: None
Name: 宁夏经济, URL: https://satellitepull.cnr.cn/live/wxnxjjgb/playlist.m3u8, From: subscribe, IPv_Type: ipv4, Location: 美国-德克萨斯州-达拉斯, ISP: 网宿科技CDN节点, Date: None, Delay: 78 ms, Speed: 1.35 M/s, Resolution: None
Name: 吴忠综合, URL: http://live.kanwz.net/zhpd/sd/live.m3u8, From: subscribe, IPv_Type: ipv4, Location: 中国-宁夏-银川, ISP: 电信, Date: None, Delay: 970 ms, Speed: 0.08 M/s, Resolution: 1280x720
Name: 吴忠综合, URL: http://live.kanwz.net/zhpd/sd/live.m3u8?zningxd, From: subscribe, IPv_Type: ipv4, Location: 中国-宁夏-银川, ISP: 电信, Date: None, Delay: 1041 ms, Speed: 0.08 M/s, Resolution: 1280x720
Name: 吴忠公共, URL: http://live.kanwz.net/ggpd/sd/live.m3u8?zningxd, From: subscribe, IPv_Type: ipv4, Location: 中国-宁夏-银川, ISP: 电信, Date: None, Delay: 988 ms, Speed: 0.09 M/s, Resolution: 320x240
Name: 吴忠公共, URL: http://live.kanwz.net/ggpd/sd/live.m3u8, From: subscribe, IPv_Type: ipv4, Location: 中国-宁夏-银川, ISP: 电信, Date: None, Delay: 998 ms, Speed: 0.08 M/s, Resolution: 320x240
Name: 延边卫视, URL: https://srs.iyb983.cn:443/video/CYS/index.m3u8, From: subscribe, IPv_Type: ipv4, Location: 伊朗, ISP: , Date: None, Delay: 827 ms, Speed: 2.60 M/s, Resolution: 1280x720
Name: 吉林乡村, URL: http://satellitepull.cnr.cn/live/wxjlxcgb/playlist.m3u8, From: subscribe, IPv_Type: ipv4, Location: 美国-德克萨斯州-达拉斯, ISP: 网宿科技CDN节点, Date: None, Delay: 70 ms, Speed: 1.47 M/s, Resolution: None
Name: 吉林乡村, URL: https://satellitepull.cnr.cn/live/wxjlxcgb/playlist.m3u8, From: subscribe, IPv_Type: ipv4, Location: 美国-德克萨斯州-达拉斯, ISP: 网宿科技CDN节点, Date: None, Delay: 93 ms, Speed: 1.15 M/s, Resolution: None
Name: 延边-2, URL: http://stream8.jlntv.cn/ljtv/playlist.m3u8, From: subscribe, IPv_Type: ipv4, Location: 中国-广东-深圳, ISP: 联通, Date: None, Delay: 1221 ms, Speed: 0.47 M/s, Resolution: 320x240
Name: 延边-2, URL: http://stream5.jlntv.cn/wq/playlist.m3u8, From: subscribe, IPv_Type: ipv4, Location: 中国-福建-泉州, ISP: 联通, Date: None, Delay: 644 ms, Speed: 0.13 M/s, Resolution: 720x576
Name: 长白山电视台, URL: http://stream8.jlntv.cn/cbstv/sd/live.m3u8?zjild, From: subscribe, IPv_Type: ipv4, Location: 中国-福建-泉州, ISP: 联通, Date: None, Delay: 742 ms, Speed: 0.12 M/s, Resolution: 320x240
Name: 德惠综合, URL: http://stream11.jlntv.cn/dehuitv/sd/live.m3u8, From: subscribe, IPv_Type: ipv4, Location: 中国-吉林-四平, ISP: 联通, Date: None, Delay: 1354 ms, Speed: 0.40 M/s, Resolution: 720x576
Name: 德惠综合, URL: http://stream11.jlntv.cn/dehuitv/sd/live.m3u8?%E5%85%B3%E6%B3%A8%E5%BE%AE%E4%BF%A1%E5%85%AC%E4%BC%97%E5%8F%B7[%E6%99%B4%E5%9B%AD], From: subscribe, IPv_Type: ipv4, Location: 中国-江苏-淮安, ISP: 电信, Date: None, Delay: 1277 ms, Speed: 0.39 M/s, Resolution: 720x576
Name: 九台综合, URL: http://stream10.jlntv.cn/jiutaitv/sd/live.m3u8, From: subscribe, IPv_Type: ipv4, Location: 中国-吉林-四平, ISP: 联通, Date: None, Delay: 1030 ms, Speed: 0.31 M/s, Resolution: 720x576
Name: 九台综合, URL: http://stream10.jlntv.cn/jiutaitv/sd/live.m3u8?zjild, From: subscribe, IPv_Type: ipv4, Location: 中国-吉林-四平, ISP: 联通, Date: None, Delay: 1108 ms, Speed: 0.29 M/s, Resolution: 720x576
Name: 九台综合, URL: http://stream10.jlntv.cn/jiutaitv/sd/live.m3u8?%E5%85%B3%E6%B3%A8%E5%BE%AE%E4%BF%A1%E5%85%AC%E4%BC%97%E5%8F%B7[%E6%99%B4%E5%9B%AD], From: subscribe, IPv_Type: ipv4, Location: 中国-山东-枣庄, ISP: 联通, Date: None, Delay: 1075 ms, Speed: 0.26 M/s, Resolution: 720x576
Name: 长白朝语, URL: http://hplayer1.juyun.tv:80/camera/11344136.m3u8, From: subscribe, IPv_Type: ipv6, Location: 中国, ISP: 中国联通, Date: None, Delay: 1006 ms, Speed: 0.25 M/s, Resolution: 1920x1080
Name: 靖宇综合, URL: http://stream9.jlntv.cn:80/aac_jygb/playlist.m3u8, From: subscribe, IPv_Type: ipv4, Location: 中国-贵州-六盘水, ISP: 联通, Date: None, Delay: 515 ms, Speed: 0.07 M/s, Resolution: None
Name: 敦化一套, URL: http://stream8.jlntv.cn/dhtv/playlist.m3u8?zjild, From: subscribe, IPv_Type: ipv4, Location: 中国-江苏-南京, ISP: 电信, Date: None, Delay: 732 ms, Speed: 0.16 M/s, Resolution: 720x576
Name: 敦化一套, URL: http://stream8.jlntv.cn/dhtv/playlist.m3u8, From: subscribe, IPv_Type: ipv4, Location: 中国-广东-深圳, ISP: 联通, Date: None, Delay: 787 ms, Speed: 0.15 M/s, Resolution: 320x240
Name: 珲春新闻综合, URL: http://stream8.jlntv.cn/hctv/sd/live.m3u8?zjild,, From: subscribe, IPv_Type: ipv4, Location: 中国-广东-深圳, ISP: 联通, Date: None, Delay: 1202 ms, Speed: 0.42 M/s, Resolution: 720x576
Name: 珲春新闻综合, URL: http://stream8.jlntv.cn/hctv/sd/live.m3u8, From: subscribe, IPv_Type: ipv4, Location: 中国-广东-深圳, ISP: 联通, Date: None, Delay: 1205 ms, Speed: 0.41 M/s, Resolution: 720x576
Name: 珲春新闻综合, URL: http://stream8.jlntv.cn/hctv/sd/live.m3u8?zjild&amp;amp;quot;, From: subscribe, IPv_Type: ipv4, Location: 中国-广东-深圳, ISP: 联通, Date: None, Delay: 1133 ms, Speed: 0.40 M/s, Resolution: 720x576
Name: 珲春新闻综合, URL: http://stream8.jlntv.cn/hctv/sd/live.m3u8?zjild&amp;quot;, From: subscribe, IPv_Type: ipv4, Location: 中国-广东-深圳, ISP: 联通, Date: None, Delay: 1181 ms, Speed: 0.39 M/s, Resolution: 720x576
Name: 珲春新闻综合, URL: http://stream8.jlntv.cn/hctv/sd/live.m3u8?zjild, From: subscribe, IPv_Type: ipv4, Location: 中国-广东-深圳, ISP: 联通, Date: None, Delay: 1215 ms, Speed: 0.39 M/s, Resolution: 720x576
Name: 珲春新闻综合, URL: http://stream8.jlntv.cn/hctv/sd/live.m3u8?zjild&quot;, From: subscribe, IPv_Type: ipv4, Location: 中国-广东-深圳, ISP: 联通, Date: None, Delay: 1226 ms, Speed: 0.38 M/s, Resolution: 720x576
Name: 龙井综合, URL: http://stream9.jlntv.cn:80/aac_longjinggb/playlist.m3u8, From: subscribe, IPv_Type: ipv4, Location: 中国-贵州-六盘水, ISP: 联通, Date: None, Delay: 507 ms, Speed: 0.07 M/s, Resolution: None
Name: 梅河口综合, URL: http://stream3.jlntv.cn:80/aac_mhkgb/playlist.m3u8, From: subscribe, IPv_Type: ipv4, Location: 中国-青海, ISP: 联通, Date: None, Delay: 506 ms, Speed: 0.07 M/s, Resolution: None
Name: 桦甸综合, URL: http://stream9.jlntv.cn:80/aac_huadiangb/playlist.m3u8, From: subscribe, IPv_Type: ipv4, Location: 中国-贵州-六盘水, ISP: 联通, Date: None, Delay: 496 ms, Speed: 0.07 M/s, Resolution: None
Name: 磐石综合, URL: http://stream3.jlntv.cn:80/aac_psgb/sd/live.m3u8, From: subscribe, IPv_Type: ipv4, Location: 中国-青海, ISP: 联通, Date: None, Delay: 1090 ms, Speed: 0.06 M/s, Resolution: None
Name: 舒兰新闻综合, URL: http://stream8.jlntv.cn/shulan/sd/live.m3u8?zjild, From: subscribe, IPv_Type: ipv4, Location: 中国-广东-深圳, ISP: 联通, Date: None, Delay: 750 ms, Speed: 0.12 M/s, Resolution: 320x240
Name: 舒兰新闻综合, URL: http://stream8.jlntv.cn/shulan/sd/live.m3u8?_upt=332db6421699196585, From: subscribe, IPv_Type: ipv4, Location: 中国-江苏-南京, ISP: 电信, Date: None, Delay: 737 ms, Speed: 0.12 M/s, Resolution: 320x240
Name: 东丰综合, URL: http://stream3.jlntv.cn:80/aac_dfgb/playlist.m3u8, From: subscribe, IPv_Type: ipv4, Location: 中国-青海, ISP: 联通, Date: None, Delay: 502 ms, Speed: 0.08 M/s, Resolution: None
Name: 双辽综合, URL: http://stream3.jlntv.cn:80/aac_slgb/playlist.m3u8, From: subscribe, IPv_Type: ipv4, Location: 中国-青海, ISP: 联通, Date: None, Delay: 501 ms, Speed: 0.07 M/s, Resolution: None
Name: 辉南新闻综合, URL: http://stream5.jlntv.cn/hn/sd/live.m3u8?zjild, From: subscribe, IPv_Type: ipv4, Location: 中国-福建-泉州, ISP: 联通, Date: None, Delay: 1288 ms, Speed: 0.54 M/s, Resolution: 720x576
Name: 辉南新闻综合, URL: http://stream5.jlntv.cn/hn/sd/live.m3u8?%E5%85%B3%E6%B3%A8%E5%BE%AE%E4%BF%A1%E5%85%AC%E4%BC%97%E5%8F%B7[%E6%99%B4%E5%9B%AD], From: subscribe, IPv_Type: ipv4, Location: 中国-山东-枣庄, ISP: 联通, Date: None, Delay: 1331 ms, Speed: 0.52 M/s, Resolution: 720x576
Name: 辉南新闻综合, URL: http://stream5.jlntv.cn/hn/sd/live.m3u8, From: subscribe, IPv_Type: ipv4, Location: 中国-福建-泉州, ISP: 联通, Date: None, Delay: 1462 ms, Speed: 0.52 M/s, Resolution: 720x576
Name: 柳河综合, URL: http://stream3.jlntv.cn:80/aac_lhgb/sd/live.m3u8, From: subscribe, IPv_Type: ipv4, Location: 中国-青海, ISP: 联通, Date: None, Delay: 519 ms, Speed: 0.07 M/s, Resolution: None
Name: 通化县综合, URL: http://stream3.jlntv.cn:80/aac_thxgb/playlist.m3u8, From: subscribe, IPv_Type: ipv4, Location: 中国-青海, ISP: 联通, Date: None, Delay: 501 ms, Speed: 0.06 M/s, Resolution: None
Name: 汪清综合, URL: http://stream5.jlntv.cn/wq/sd/live.m3u8, From: subscribe, IPv_Type: ipv4, Location: 中国-福建-泉州, ISP: 联通, Date: None, Delay: 671 ms, Speed: 0.12 M/s, Resolution: 720x576
Name: 汪清综合, URL: http://stream5.jlntv.cn/wq/sd/live.m3u8?zjild, From: subscribe, IPv_Type: ipv4, Location: 中国-福建-泉州, ISP: 联通, Date: None, Delay: 741 ms, Speed: 0.12 M/s, Resolution: 720x576
Name: 汪清综合, URL: http://stream5.jlntv.cn/wq/sd/live.m3u8?_upt=eb80947d1699080781, From: subscribe, IPv_Type: ipv4, Location: 中国-山东-枣庄, ISP: 联通, Date: None, Delay: 699 ms, Speed: 0.12 M/s, Resolution: 720x576
Name: 内蒙经济, URL: https://satellitepull.cnr.cn/live/wx32nmgjjgb/playlist.m3u8, From: subscribe, IPv_Type: ipv4, Location: 美国-德克萨斯州-达拉斯, ISP: 网宿科技CDN节点, Date: None, Delay: 77 ms, Speed: 1.34 M/s, Resolution: None
Name: 内蒙经济, URL: https://ls.qingting.fm/live/1885/64k.m3u8, From: subscribe, IPv_Type: ipv6, Location: 美国, ISP: , Date: None, Delay: 1846 ms, Speed: 0.04 M/s, Resolution: 0x0
Name: 文山州公共, URL: http://m3u8.channel.wsrtv.com.cn/cms/videos/nmip-media/channellive/channel8/playlist.m3u8?zyund, From: subscribe, IPv_Type: ipv6, Location: 中国, ISP: 中国电信, Date: None, Delay: 6427 ms, Speed: 0.18 M/s, Resolution: 1920x1080
Name: 文山州公共, URL: http://m3u8.channel.wsrtv.com.cn/cms/videos/nmip-media/channellive/channel8/playlist.m3u8, From: subscribe, IPv_Type: ipv6, Location: 中国, ISP: 中国电信, Date: None, Delay: 7731 ms, Speed: 0.14 M/s, Resolution: 1920x1080
Name: 文山州新闻综合, URL: http://m3u8.channel.wsrtv.com.cn/cms/videos/nmip-media/channellive/channel7/playlist.m3u8?zyund, From: subscribe, IPv_Type: ipv6, Location: 中国, ISP: 中国电信, Date: None, Delay: 8037 ms, Speed: 0.16 M/s, Resolution: 1920x1080
Name: 文山州新闻综合, URL: http://tvdrs.wsrtv.com.cn:8100/channellive/ch1.flv?zyund, From: subscribe, IPv_Type: ipv4, Location: 中国-云南-文山壮族苗族自治州, ISP: 电信, Date: None, Delay: 476 ms, Speed: 0.13 M/s, Resolution: 1920x1080
Name: 易门综合, URL: https://zb-live.ynurl.com/yimen/3b75a2f9-7941-46b7-992d-a9796fbca5fe.m3u8, From: subscribe, IPv_Type: ipv4, Location: 中国-广东-深圳, ISP: 腾讯云, Date: None, Delay: 1671 ms, Speed: 0.73 M/s, Resolution: 1920x1080
Name: 通海电视台, URL: https://zb-live.ynurl.com/tonghai/3bfe3a9e-48e6-4c1e-8770-1df66447cc6c.m3u8, From: subscribe, IPv_Type: ipv4, Location: 中国-广东-深圳, ISP: 腾讯云, Date: None, Delay: 1677 ms, Speed: 1.03 M/s, Resolution: 1920x1080
Name: 陇川综合, URL: https://zb-live.ynurl.com/longchuan/58f88df3-605e-4c57-865c-8e8f85241ca1.m3u8, From: subscribe, IPv_Type: ipv4, Location: 中国-广东-深圳, ISP: 腾讯云, Date: None, Delay: 1997 ms, Speed: 1.13 M/s, Resolution: 1920x1080
Name: 麻栗坡电视台, URL: http://tvdrs.wsrtv.com.cn:8100/channellive/mlptv.flv?zyund, From: subscribe, IPv_Type: ipv4, Location: 中国-云南-文山壮族苗族自治州, ISP: 电信, Date: None, Delay: 484 ms, Speed: 0.28 M/s, Resolution: 1920x1080
Name: 云南都市, URL: https://hwapi.yntv.net/62hdvf/rjwt14.m3u8, From: subscribe, IPv_Type: ipv4, Location: 中国-浙江-嘉兴, ISP: 电信, Date: None, Delay: 1305 ms, Speed: 0.32 M/s, Resolution: 1280x720
Name: 云南娱乐, URL: https://hwapi.yntv.net/62hdvf/q9vs1b.m3u8, From: subscribe, IPv_Type: ipv4, Location: 中国-浙江-嘉兴, ISP: 电信, Date: None, Delay: 1281 ms, Speed: 0.32 M/s, Resolution: 1280x720
Name: 安多卫视, URL: rtmp://liveout.xntv.tv/a65jur/96iln2, From: subscribe, IPv_Type: ipv6, Location: 中国, ISP: 中国电信, Date: None, Delay: -1 ms, Speed: inf M/s, Resolution: 1920x1080
Name: 西宁新闻综合, URL: https://liveout.xntv.tv/a65jur/90p2i1.m3u8, From: subscribe, IPv_Type: ipv6, Location: 中国, ISP: 中国电信, Date: None, Delay: 7099 ms, Speed: 0.12 M/s, Resolution: 1920x1080
Name: 黑龙江新闻, URL: https://ls.qingting.fm/live/4974/64k.m3u8, From: subscribe, IPv_Type: ipv6, Location: 中国-广东-东莞, ISP: 电信, Date: None, Delay: 2105 ms, Speed: 0.04 M/s, Resolution: 1920x1080
Name: 哈尔滨新闻综合, URL: https://stream.hrbtv.net/xwzh/playlist.m3u8, From: subscribe, IPv_Type: ipv4, Location: 中国-黑龙江-哈尔滨, ISP: 联通, Date: None, Delay: 10850 ms, Speed: 0.07 M/s, Resolution: 640x480
Name: 哈尔滨新闻综合, URL: http://stream.hrbtv.net/xwzh/sd/live.m3u8?zheild, From: subscribe, IPv_Type: ipv4, Location: 中国-黑龙江-哈尔滨, ISP: 联通, Date: None, Delay: 10075 ms, Speed: 0.04 M/s, Resolution: None
Name: 哈尔滨新闻综合, URL: https://stream.hrbtv.net/xwzh/sd/live.m3u8, From: subscribe, IPv_Type: ipv4, Location: 中国-黑龙江-哈尔滨, ISP: 联通, Date: None, Delay: 10742 ms, Speed: 0.03 M/s, Resolution: 640x480
Name: 哈尔滨新闻综合, URL: http://stream.hrbtv.net/xwzh/sd/live.m3u8, From: subscribe, IPv_Type: ipv4, Location: 中国-黑龙江-哈尔滨, ISP: 联通, Date: None, Delay: 10002 ms, Speed: 0.02 M/s, Resolution: None
Name: 哈尔滨影视, URL: http://stream.hrbtv.net/yspd/sd/live.m3u8, From: subscribe, IPv_Type: ipv4, Location: 中国-黑龙江-哈尔滨, ISP: 联通, Date: None, Delay: 10782 ms, Speed: 0.01 M/s, Resolution: None
Name: 哈尔滨资讯, URL: http://stream.hrbtv.net/zxpd/sd/live.m3u8, From: subscribe, IPv_Type: ipv4, Location: 中国-黑龙江-哈尔滨, ISP: 联通, Date: None, Delay: 10505 ms, Speed: 0.01 M/s, Resolution: 640x480
Name: 哈尔滨生活, URL: https://stream.hrbtv.net/shpd/playlist.m3u8, From: subscribe, IPv_Type: ipv4, Location: 中国-黑龙江-哈尔滨, ISP: 联通, Date: None, Delay: 10786 ms, Speed: 0.03 M/s, Resolution: 640x480
Name: 哈尔滨生活, URL: http://stream.hrbtv.net/shpd/sd/live.m3u8, From: subscribe, IPv_Type: ipv4, Location: 中国-黑龙江-哈尔滨, ISP: 联通, Date: None, Delay: 10114 ms, Speed: 0.02 M/s, Resolution: None
Name: 哈尔滨生活, URL: https://stream.hrbtv.net/shpd/sd/live.m3u8, From: subscribe, IPv_Type: ipv4, Location: 中国-黑龙江-哈尔滨, ISP: 联通, Date: None, Delay: 10905 ms, Speed: 0.02 M/s, Resolution: 640x480
Name: 哈尔滨生活, URL: http://111.43.126.240:9003/hls/3/index.m3u8, From: subscribe, IPv_Type: ipv4, Location: 中国-黑龙江, ISP: 移动, Date: None, Delay: 1465 ms, Speed: 0.00 M/s, Resolution: 720x576
Name: 哈尔滨娱乐, URL: https://stream.hrbtv.net/ylpd/sd/live.m3u8, From: subscribe, IPv_Type: ipv4, Location: 中国-黑龙江-哈尔滨, ISP: 联通, Date: None, Delay: 2609 ms, Speed: 0.01 M/s, Resolution: 640x480
Name: 哈尔滨娱乐, URL: http://stream.hrbtv.net/ylpd/sd/live.m3u8, From: subscribe, IPv_Type: ipv4, Location: 中国-黑龙江-哈尔滨, ISP: 联通, Date: None, Delay: 442 ms, Speed: 0.00 M/s, Resolution: None
Name: 大庆新闻综合, URL: rtmp://masterpull.hljtv.com/live/4WdrZLCq, From: subscribe, IPv_Type: ipv4, Location: 中国-黑龙江, ISP: 移动, Date: None, Delay: 5127 ms, Speed: 0.00 M/s, Resolution: None
Name: 七台河新闻综合, URL: http://live.qthnews.org.cn:1935/live/live1/800k/tzwj_video.m3u8, From: subscribe, IPv_Type: ipv4, Location: 中国-黑龙江-哈尔滨, ISP: 联通, Date: None, Delay: 2071 ms, Speed: 0.48 M/s, Resolution: 1280x720
Name: 佳木斯新闻综合, URL: http://live.qthnews.org.cn:1935/live/live2/800k/tzwj_video.m3u8, From: subscribe, IPv_Type: ipv4, Location: 中国-黑龙江-哈尔滨, ISP: 联通, Date: None, Delay: 1835 ms, Speed: 0.50 M/s, Resolution: 1280x720
Name: 佳木斯新闻综合, URL: rtmp://masterpull.hljtv.com/live/l9wQtsVs, From: subscribe, IPv_Type: ipv4, Location: 中国-黑龙江, ISP: 移动, Date: None, Delay: 5131 ms, Speed: 0.00 M/s, Resolution: None
Name: 齐齐哈尔新闻综合, URL: rtmp://masterpull.hljtv.com/live/dUi8b96l, From: subscribe, IPv_Type: ipv4, Location: 中国-黑龙江, ISP: 移动, Date: None, Delay: 5060 ms, Speed: 0.00 M/s, Resolution: None
Name: 齐齐哈尔新闻综合, URL: rtmp://rmplive.hljtv.com/live/qiqihaer, From: subscribe, IPv_Type: ipv4, Location: 中国-黑龙江, ISP: 移动, Date: None, Delay: 5130 ms, Speed: 0.00 M/s, Resolution: None
Name: 双鸭山综合, URL: rtmp://masterpull.hljtv.com/live/BowdCSzZ, From: subscribe, IPv_Type: ipv4, Location: 中国-黑龙江, ISP: 移动, Date: None, Delay: 5325 ms, Speed: 0.00 M/s, Resolution: None
Name: 翡翠台, URL: http://php.jdshipin.com:8880/TVOD/iptv.php?id=fct, From: subscribe, IPv_Type: ipv6, Location: 美国, ISP: CloudFlare Inc., Date: None, Delay: 44 ms, Speed: 204.11 M/s, Resolution: None
Name: 翡翠台, URL: http://cdn6.163189.xyz/163189/fct4k, From: subscribe, IPv_Type: ipv6, Location: 新加坡, ISP: Aceville Pte.Ltd., Date: None, Delay: 169 ms, Speed: 121.36 M/s, Resolution: None
Name: 翡翠台, URL: http://php.jdshipin.com/TVOD/iptv.php?id=huali, From: subscribe, IPv_Type: ipv6, Location: 美国, ISP: CloudFlare Inc., Date: None, Delay: 51 ms, Speed: 94.70 M/s, Resolution: 1920x1080
Name: 明珠台, URL: https://o11.163189.xyz/stream/tvb/mzt/, From: subscribe, IPv_Type: ipv6, Location: 美国, ISP: CloudFlare Inc., Date: None, Delay: 37 ms, Speed: 87.75 M/s, Resolution: 1920x1080
Name: 明珠台, URL: http://php.jdshipin.com/TVOD/iptv.php?id=mzt, From: subscribe, IPv_Type: ipv6, Location: 美国, ISP: CloudFlare Inc., Date: None, Delay: 45 ms, Speed: 76.19 M/s, Resolution: 1920x1080
Name: 明珠台, URL: http://r.jdshipin.com/ZQ4kN, From: subscribe, IPv_Type: ipv6, Location: 美国, ISP: CloudFlare Inc., Date: None, Delay: 45 ms, Speed: 72.41 M/s, Resolution: 1920x1080
Name: 明珠台, URL: http://8.218.84.3:8885/live/NlAhgdR475_p9pHeKE1G1rILoVl18Qqe36jUsiWqY5S26LQzNA-82o0LSiNo13OG6N_9Sxh8KQOfU_hyixKd9p3RIjy9Vegh_fQh33K2M2NZraQQ1HZdgnhMv-nAGJ-d4MbxOxzqnvZPnAic8L4i1ZYyIUsjL0Mb_JYCTfOEeYG4a4ZmNxH1PapVrrrSAMArc5rJg-WYPBvhMY1MKjlc6-X5SNSqoDF5Tup-0St4sKsbOeHdQlunrOCJHDiDSYN2nf8xW_Lta052t6RMBoKETw.m3u8?u=1757123819, From: subscribe, IPv_Type: ipv4, Location: 中国-香港, ISP: 阿里云, Date: None, Delay: 240 ms, Speed: 14.46 M/s, Resolution: None
Name: 凤凰中文, URL: http://php.jdshipin.com:8880/TVOD/iptv.php?id=fhzw, From: subscribe, IPv_Type: ipv6, Location: 美国, ISP: CloudFlare Inc., Date: None, Delay: 55 ms, Speed: 120.87 M/s, Resolution: None
Name: 凤凰中文, URL: http://php.jdshipin.com/TVOD/iptv.php?id=fhzw, From: subscribe, IPv_Type: ipv6, Location: 美国, ISP: CloudFlare Inc., Date: None, Delay: 57 ms, Speed: 108.24 M/s, Resolution: None
Name: 凤凰中文, URL: https://cdn6.163189.xyz/163189/fhzw, From: subscribe, IPv_Type: ipv6, Location: 新加坡, ISP: Aceville Pte.Ltd., Date: None, Delay: 59 ms, Speed: 104.64 M/s, Resolution: None
Name: 凤凰中文, URL: http://8.218.84.3:8885/live/LxWcScuQ6WphaELY4DhkKm8SIv7_ZgNIJtNvFurqphvyqxUIU84OjKVCwFxMq9iUWdJdT-WvPAhPYAjqDDKUkgBhqPU05spvygdOQVMR-49HfUHqoz3BWysXpY3IcoxaskiJ6HCxNUFEGBHN7J9cHwJfR5qJYrfvRgFxEFVGK3M4e6U8zBBcXQ62XaSa7kUQZiYq5vbmVseM-xEImPe5pGROKnFK232_zwhQVcDCWqJ8GlcYI2uYcWREAj3tlSyt6pugIwt_wjsXByc9jMtMyw.m3u8?u=1756878715, From: subscribe, IPv_Type: ipv4, Location: 中国-香港, ISP: 阿里云, Date: None, Delay: 3985 ms, Speed: 3.21 M/s, Resolution: None
Name: 凤凰中文, URL: http://playtv-live.ifeng.com/live/06OLEGEGM4G_audio.m3u8, From: subscribe, IPv_Type: ipv4, Location: 中国-江苏-常州, ISP: 电信, Date: None, Delay: 178 ms, Speed: 0.80 M/s, Resolution: None
Name: 凤凰中文, URL: http://pull-vivek.speedws.com/live/aaafhzw.flv, From: subscribe, IPv_Type: ipv4, Location: 瑞典, ISP: , Date: None, Delay: 121 ms, Speed: 0.49 M/s, Resolution: 1920x1080
Name: 凤凰资讯, URL: http://php.jdshipin.com/TVOD/iptv.php?id=fhzx, From: subscribe, IPv_Type: ipv6, Location: 美国, ISP: CloudFlare Inc., Date: None, Delay: 47 ms, Speed: 150.30 M/s, Resolution: None
Name: 凤凰资讯, URL: http://php.jdshipin.com:8880/TVOD/iptv.php?id=fhzx, From: subscribe, IPv_Type: ipv6, Location: 美国, ISP: CloudFlare Inc., Date: None, Delay: 51 ms, Speed: 142.34 M/s, Resolution: None
Name: 凤凰资讯, URL: http://cdn6.163189.xyz/163189/fhzx, From: subscribe, IPv_Type: ipv6, Location: 新加坡, ISP: Aceville Pte.Ltd., Date: None, Delay: 50 ms, Speed: 139.58 M/s, Resolution: None
Name: 凤凰资讯, URL: http://php.jdshipin.com:8880/iptv.php?id=fhzx, From: subscribe, IPv_Type: ipv6, Location: 美国, ISP: CloudFlare Inc., Date: None, Delay: 69 ms, Speed: 125.95 M/s, Resolution: None
Name: 凤凰资讯, URL: http://php.jdshipin.com/PLTV/iptv.php?id=fhzx, From: subscribe, IPv_Type: ipv6, Location: 美国, ISP: CloudFlare Inc., Date: None, Delay: 61 ms, Speed: 116.20 M/s, Resolution: None
Name: 凤凰资讯, URL: http://php.jdshipin.com/iptv.php?id=fhzx, From: subscribe, IPv_Type: ipv6, Location: 美国, ISP: CloudFlare Inc., Date: None, Delay: 73 ms, Speed: 106.22 M/s, Resolution: None
Name: 凤凰资讯, URL: http://8.218.84.3:8885/live/LxWcScuQ6WphaELY4DhkKm8SIv7_ZgNIJtNvFurqphvyqxUIU84OjKVCwFxMq9iUWdJdT-WvPAhPYAjqDDKUknI2Qgu2H4THar3t2qm5CfJDW3oVsOfc-rbdZFzD2Lybr1EdctHM-qT90R9UPodL2nKzV7EyOABx0QR2dts6OWSHtsa0zWi7JZHPykhh2gL-1HTjlyHCq6MZDtf1gui0jRYCedTismGdA915iCIozcMoT5gl1u-RHNMhb_AyfsUllhm3olGmi0Hmey4uCeMycw.m3u8?u=1756878715, From: subscribe, IPv_Type: ipv4, Location: 中国-香港, ISP: 阿里云, Date: None, Delay: 2851 ms, Speed: 3.47 M/s, Resolution: 1920x1080
Name: 凤凰资讯, URL: http://playtv-live.ifeng.com/live/06OLEEWQKN4_audio.m3u8, From: subscribe, IPv_Type: ipv4, Location: 中国-江苏-常州, ISP: 电信, Date: None, Delay: 164 ms, Speed: 0.74 M/s, Resolution: None
Name: 凤凰资讯, URL: http://pull-vivek.speedws.com/live/aaafhzx.flv, From: subscribe, IPv_Type: ipv4, Location: 瑞典, ISP: , Date: None, Delay: 94 ms, Speed: 0.72 M/s, Resolution: 1920x1080
Name: 凤凰香港, URL: http://pull-vivek.speedws.com/live/aaafhxg.flv, From: subscribe, IPv_Type: ipv4, Location: 瑞典, ISP: , Date: None, Delay: 20 ms, Speed: 0.64 M/s, Resolution: 1920x1080
Name: TVBS亚洲, URL: http://d2e1asnsl7br7b.cloudfront.net/7782e205e72f43aeb4a48ec97f66ebbe/index_5.m3u8?zshijd, From: subscribe, IPv_Type: ipv6, Location: 美国, ISP: Amazon, Date: None, Delay: 373 ms, Speed: 7.36 M/s, Resolution: 1920x1080
Name: TVBS亚洲, URL: http://8.218.84.3:8885/live/LxWcScuQ6WphaELY4DhkKm8SIv7_ZgNIJtNvFurqphvyqxUIU84OjKVCwFxMq9iUHDLZFgMGrsS9MQBaljSY5ze7PkYyODKOsGH88jm3pAJ4ZaDlNwW_v4I2CTeEShoea8RcJA9dBdPhQwiLHCV9PJ-gD2pZvr3e6jFppV7KMxnn8VjoBC7MsO9uyiJS_9UkXAC6TNse9Infr_m7H3oTMwjJFrtSopA63a5gvIme8AfmPwCMDC_TVWehUTyLn0TcHQA5K_D0JPCPjoqyjqgaFQ.m3u8?u=1756878715, From: subscribe, IPv_Type: ipv4, Location: 中国-香港, ISP: 阿里云, Date: None, Delay: 2052 ms, Speed: 1.10 M/s, Resolution: None
Name: 纬来育乐, URL: http://iptv.fr.to/test/Fmtv.php?id=wlyl, From: subscribe, IPv_Type: ipv4, Location: 加拿大-魁北克省-博阿努瓦－萨拉贝维, ISP: OVH数据中心, Date: None, Delay: 1011 ms, Speed: 0.37 M/s, Resolution: 1280x720
Name: Viutv, URL: https://turkmedya-live.ercdn.net/tv360/tv360.m3u8, From: subscribe, IPv_Type: ipv4, Location: 美国-伊利诺伊州-库克, ISP: FDC机房, Date: None, Delay: 1586 ms, Speed: 1.20 M/s, Resolution: 1920x1080
Name: 无线新闻, URL: http://php.jdshipin.com:8880/TVOD/iptv.php?id=tvbxw, From: subscribe, IPv_Type: ipv6, Location: 美国, ISP: CloudFlare Inc., Date: None, Delay: 35 ms, Speed: 115.66 M/s, Resolution: 1920x1080
Name: 三立新闻, URL: https://raw.githubusercontent.com/ChiSheng9/iptv/master/TV32.m3u8, From: subscribe, IPv_Type: ipv6, Location: 美国, ISP: GitHub+Fastly节点, Date: None, Delay: 1025 ms, Speed: 1.07 M/s, Resolution: 1920x1080
Name: 东森超视, URL: http://8.218.84.3:8885/live/LxWcScuQ6WphaELY4DhkKm8SIv7_ZgNIJtNvFurqphvyqxUIU84OjKVCwFxMq9iUHWMHCytb2VBItbRCwo0Lylo8KUJQTw1XM1IsXqjJnCxGXLXhrak82yhR8-9Wjyp9Jv3dZZvl6rvdTktEA2MYUd10pSrYSPnc8hHXs4J-aTh66eb712HSAUMkxcK0pUyO3bxG7rVxjU34m9a8Hm_FIYUYPNK8SbDa6K25k5-H2esS87XxkHjgfg9u2-1NH6z-rAXzr38rHUrVSVVJaT81Cg.m3u8?u=1756878715, From: subscribe, IPv_Type: ipv4, Location: 中国-香港, ISP: 阿里云, Date: None, Delay: 2603 ms, Speed: 2.11 M/s, Resolution: 1280x720
Name: Now剧集, URL: http://pullpackage.alivecdn.com/live/B9AKX0X3gSWZVv91H6UZDdsYyM8Fie9HvmJFzg3XN8JiR27kog.flv, From: subscribe, IPv_Type: ipv6, Location: 美国-加利福尼亚州-洛杉矶, ISP: Level3, Date: None, Delay: 267 ms, Speed: 0.00 M/s, Resolution: None
Name: Now华剧, URL: http://iptv.4666888.xyz/iptv2A.php?id=84, From: subscribe, IPv_Type: ipv4, Location: 中国-香港, ISP: AS979_Net, Date: None, Delay: 409 ms, Speed: 5.43 M/s, Resolution: 864x720
Name: 靖天资讯, URL: http://8.218.84.3:8885/live/NlAhgdR475_p9pHeKE1G1rILoVl18Qqe36jUsiWqY5S26LQzNA-82o0LSiNo13OGM2y3SlUf0Jn3RYpDOU33JeOmPBVmIXe_3uAXnxWrKZmpbsIlPnCRTypdx2pep5e17Nnv3EqnzwddqCKzt3YjlU-iNjduYPY9de1LsPSjk5sDdhD78xbZLFx4VNT-VWQb9J7_zUSfpv9M0DMxyTHqO3cwNfOKwZBYFFsGJUhPLagNtJjeg-kpX3G3-lAgW1SPp9HmwdS9aO5Reyw2oXm0ag.m3u8?u=1757123819, From: subscribe, IPv_Type: ipv4, Location: 中国-香港, ISP: 阿里云, Date: None, Delay: 339 ms, Speed: 8.65 M/s, Resolution: 1280x720
Name: 靖天资讯, URL: http://fbd48279.ott.oxtvs.com/ott/?q=9222549520c295e029ec6ff9d9f66695&id=5055, From: subscribe, IPv_Type: ipv4, Location: 美国-加利福尼亚州-洛杉矶, ISP: IT7网络, Date: None, Delay: 65 ms, Speed: 1.35 M/s, Resolution: 1280x720
Name: 靖天资讯, URL: http://pullpackage.alivecdn.com/live/jSi62v69ef4x6iYBScl4GTgr9WaWuRtR1v7DfyIDrCzlEjd4oO.flv, From: subscribe, IPv_Type: ipv6, Location: 美国-加利福尼亚州-洛杉矶, ISP: Level3, Date: None, Delay: 175 ms, Speed: 0.00 M/s, Resolution: None
Name: 靖天资讯, URL: http://breezy-audrie-zspace-7524863c.koyeb.app/vipsir?token=leifeng&id=4gtv-4gtv065, From: subscribe, IPv_Type: ipv6, Location: 美国, ISP: CloudFlare Inc., Date: None, Delay: 559 ms, Speed: 0.00 M/s, Resolution: None
Name: 靖天资讯, URL: http://xtvantsc.xyz/litv_ts.php?id=4gtv-4gtv065, From: subscribe, IPv_Type: ipv4, Location: 美国, ISP: , Date: None, Delay: 83 ms, Speed: 0.00 M/s, Resolution: None
Name: 靖天资讯, URL: https://tmxk.pp.ua/litv.php?token=tmxk&id=4gtv-4gtv065, From: subscribe, IPv_Type: ipv6, Location: 美国, ISP: Oracle Corporation, Date: None, Delay: 297 ms, Speed: 0.00 M/s, Resolution: None
Name: 靖天资讯, URL: http://nmk.ioapk.com:5050/4gtv-4gtv065/index.m3u8?proxy=true, From: subscribe, IPv_Type: ipv4, Location: 中国-台湾, ISP: 中华电信, Date: None, Delay: 456 ms, Speed: 0.00 M/s, Resolution: None
Name: 靖天资讯, URL: http://nmk.ioapk.com:5050/li-4gtv-4gtv065/index.m3u8?proxy=true, From: subscribe, IPv_Type: ipv4, Location: 中国-台湾, ISP: 中华电信, Date: None, Delay: 461 ms, Speed: 0.00 M/s, Resolution: None
Name: 靖天资讯, URL: http://220.135.64.124:5050/4gtv-4gtv065/index.m3u8?proxy=true, From: subscribe, IPv_Type: ipv4, Location: 中国-台湾, ISP: 中华电信, Date: None, Delay: 413 ms, Speed: 0.00 M/s, Resolution: None
Name: 靖天资讯, URL: http://220.135.64.124:5050/li-4gtv-4gtv065/index.m3u8?proxy=true, From: subscribe, IPv_Type: ipv4, Location: 中国-台湾, ISP: 中华电信, Date: None, Delay: 416 ms, Speed: 0.00 M/s, Resolution: None
Name: 靖天资讯, URL: http://iptv.fr.to/test/Fmtv.php?id=jtzx, From: subscribe, IPv_Type: ipv4, Location: 加拿大-魁北克省-博阿努瓦－萨拉贝维, ISP: OVH数据中心, Date: None, Delay: 372 ms, Speed: 0.00 M/s, Resolution: None
Name: CHC家庭影院, URL: https://iptv.catvod.com/live.php?id=CHC%E5%AE%B6%E5%BA%AD%E5%BD%B1%E9%99%A2&line=2, From: subscribe, IPv_Type: ipv4, Location: 美国-加利福尼亚州-洛杉矶, ISP: IT7网络, Date: None, Delay: 51 ms, Speed: 21.67 M/s, Resolution: 1920x1080
Name: CHC家庭影院, URL: https://iptv.catvod.com/live.php?id=CHC%E5%AE%B6%E5%BA%AD%E5%BD%B1%E9%99%A2&line=1, From: subscribe, IPv_Type: ipv4, Location: 美国-加利福尼亚州-洛杉矶, ISP: IT7网络, Date: None, Delay: 65 ms, Speed: 18.50 M/s, Resolution: 1920x1080
Name: CHC动作电影, URL: https://iptv.catvod.com/live.php?id=CHC%E5%8A%A8%E4%BD%9C%E7%94%B5%E5%BD%B1&line=2, From: subscribe, IPv_Type: ipv4, Location: 美国-加利福尼亚州-洛杉矶, ISP: IT7网络, Date: None, Delay: 63 ms, Speed: 18.70 M/s, Resolution: 1920x1080
Name: CHC动作电影, URL: https://iptv.catvod.com/live.php?id=CHC%E5%8A%A8%E4%BD%9C%E7%94%B5%E5%BD%B1&line=1, From: subscribe, IPv_Type: ipv4, Location: 美国-加利福尼亚州-洛杉矶, ISP: IT7网络, Date: None, Delay: 51 ms, Speed: 18.64 M/s, Resolution: 1920x1080
Name: CHC动作电影, URL: http://eastscreen.tv/ooooo.php?id=chcdz, From: subscribe, IPv_Type: ipv6, Location: 美国, ISP: CloudFlare Inc., Date: None, Delay: 358 ms, Speed: 9.80 M/s, Resolution: 1920x1080
Name: CHC高清电影, URL: http://183.237.95.108:9901/tsfile/live/1008_1.m3u8?key=txiptv&playlive=0&authid=0, From: subscribe, IPv_Type: ipv4, Location: 中国-广东-梅州, ISP: 移动, Date: None, Delay: 10694 ms, Speed: 0.45 M/s, Resolution: 1920x1080
Name: 淘剧场, URL: http://ydl.yueyaoxian.top:8686/rtp/239.3.1.95:8001, From: subscribe, IPv_Type: ipv4, Location: 中国-北京-北京, ISP: 联通, Date: None, Delay: 414 ms, Speed: 0.13 M/s, Resolution: 1920x1080
Name: 淘娱乐, URL: http://ydl.yueyaoxian.top:8686/rtp/239.3.1.100:8001, From: subscribe, IPv_Type: ipv4, Location: 中国-北京-北京, ISP: 联通, Date: None, Delay: 414 ms, Speed: 0.03 M/s, Resolution: 1920x1080
Name: NewTV惊悚悬疑, URL: https://iptv.catvod.com/live.php?id=NewTV%E6%83%8A%E6%82%9A%E6%82%AC%E7%96%91, From: subscribe, IPv_Type: ipv6, Location: 美国, ISP: CloudFlare Inc., Date: None, Delay: 68 ms, Speed: 18.31 M/s, Resolution: 1920x1080
Name: NewTV动作电影, URL: https://iptv.catvod.com/live.php?id=NewTV%E5%8A%A8%E4%BD%9C%E7%94%B5%E5%BD%B1, From: subscribe, IPv_Type: ipv6, Location: 美国, ISP: CloudFlare Inc., Date: None, Delay: 65 ms, Speed: 16.97 M/s, Resolution: 1920x1080
Name: 纬来电影, URL: http://8.218.84.3:8885/live/LxWcScuQ6WphaELY4DhkKm8SIv7_ZgNIJtNvFurqphvyqxUIU84OjKVCwFxMq9iUHWMHCytb2VBItbRCwo0LypZl51sr4vf3DGhZh3g1VUuuJLW7HVy471lEuDO-YH11Gl0MCkU9WPcq_d0755X83srub1-XHBE5VbZ_j0gx5SPYEI5SLQlIljrPPsTmql9SFpa6P4IOxG5COwYIkcjPYJSXp8eyJ2SYELzoWKcB5ls02Ml0ER2jnqJTLQouDP-GRTvxVnAv-md1jJ8pOhWFPA.m3u8?u=1756878715, From: subscribe, IPv_Type: ipv4, Location: 中国-香港, ISP: 阿里云, Date: None, Delay: 2050 ms, Speed: 2.42 M/s, Resolution: None
Name: 纬来电影, URL: http://iptv.fr.to/test/Fmtv.php?id=wldy, From: subscribe, IPv_Type: ipv4, Location: 加拿大-魁北克省-博阿努瓦－萨拉贝维, ISP: OVH数据中心, Date: None, Delay: 1047 ms, Speed: 0.29 M/s, Resolution: 1920x1080
Name: 靖天映画, URL: http://8.218.84.3:8885/live/NlAhgdR475_p9pHeKE1G1rILoVl18Qqe36jUsiWqY5S26LQzNA-82o0LSiNo13OGDXv1SfZ1MhhtLDvMdZtSidqO1YPWuu00ZaAz_b0Ihbb7Q51OkyNfs2D8NErQUB5-ZDHT6Zkkf4Hw28oxeuXPQzXaayE0zVcA9b4AcBPQgt0YsLk64wcv91Sa-Gk0nDTE_RP3qgYMpUNpTTTLiTGKOXSdye5XmlIjbipatd2QaTM1ylxLytNz7bMJPC2hDabAHqbtO9DZZ-4DuMvYfMNGbg.m3u8?u=1757123819, From: subscribe, IPv_Type: ipv4, Location: 中国-香港, ISP: 阿里云, Date: None, Delay: 272 ms, Speed: 26.48 M/s, Resolution: 1920x1080
Name: 靖天映画, URL: http://8.218.84.3:8885/live/LxWcScuQ6WphaELY4DhkKm8SIv7_ZgNIJtNvFurqphvyqxUIU84OjKVCwFxMq9iUGoAizwDX2ugIXbPbDhCigHfDjvhlcSwubLm2ffedfFXku6bvyJpxyrIEil4B5LpfVMB8A7gpCCrWNvUSRiXXXeWf1ajMfN0PWvetfPYUdZzzDCXtxjUEpQmUqB1RGqWo2mZ7LEjTph_HtLZJTFi16cFluiQqoa-_n1Cz54-LDR4kIN8-KraW11yGB1XUdSi2hqpxIyqWAX8djADiGB2xKg.m3u8?u=1756878715, From: subscribe, IPv_Type: ipv4, Location: 中国-香港, ISP: 阿里云, Date: None, Delay: 4079 ms, Speed: 1.66 M/s, Resolution: 1920x1080
Name: 靖天映画, URL: http://fbd48279.ott.oxtvs.com/ott/?q=9222549520c295e029ec6ff9d9f66695&id=5105, From: subscribe, IPv_Type: ipv4, Location: 美国-加利福尼亚州-洛杉矶, ISP: IT7网络, Date: None, Delay: 65 ms, Speed: 1.43 M/s, Resolution: 1280x720
Name: 靖天映画, URL: http://pullpackage.alivecdn.com/live/hTZYTLKukHNqDnshCwsOBdnFoZs5a4UeCJ396iYBSzJGOEv6kg.flv, From: subscribe, IPv_Type: ipv6, Location: 美国-加利福尼亚州-洛杉矶, ISP: Level3, Date: None, Delay: 426 ms, Speed: 0.00 M/s, Resolution: None
Name: 靖天映画, URL: http://breezy-audrie-zspace-7524863c.koyeb.app/vipsir?token=leifeng&id=4gtv-4gtv055, From: subscribe, IPv_Type: ipv6, Location: 美国, ISP: CloudFlare Inc., Date: None, Delay: 419 ms, Speed: 0.00 M/s, Resolution: None
Name: 靖天映画, URL: http://xtvantsc.xyz/litv_ts.php?id=4gtv-4gtv055, From: subscribe, IPv_Type: ipv4, Location: 美国, ISP: , Date: None, Delay: 965 ms, Speed: 0.00 M/s, Resolution: None
Name: 靖天映画, URL: https://tmxk.pp.ua/litv.php?token=tmxk&id=4gtv-4gtv055, From: subscribe, IPv_Type: ipv6, Location: 美国, ISP: Oracle Corporation, Date: None, Delay: 148 ms, Speed: 0.00 M/s, Resolution: None
Name: 靖天映画, URL: http://nmk.ioapk.com:5050/4gtv-4gtv055/index.m3u8?proxy=true, From: subscribe, IPv_Type: ipv4, Location: 中国-台湾, ISP: 中华电信, Date: None, Delay: 456 ms, Speed: 0.00 M/s, Resolution: None
Name: 靖天映画, URL: http://nmk.ioapk.com:5050/li-4gtv-4gtv055/index.m3u8?proxy=true, From: subscribe, IPv_Type: ipv4, Location: 中国-台湾, ISP: 中华电信, Date: None, Delay: 446 ms, Speed: 0.00 M/s, Resolution: None
Name: 靖天映画, URL: http://220.135.64.124:5050/4gtv-4gtv055/index.m3u8?proxy=true, From: subscribe, IPv_Type: ipv4, Location: 中国-台湾, ISP: 中华电信, Date: None, Delay: 426 ms, Speed: 0.00 M/s, Resolution: None
Name: 靖天映画, URL: http://220.135.64.124:5050/li-4gtv-4gtv055/index.m3u8?proxy=true, From: subscribe, IPv_Type: ipv4, Location: 中国-台湾, ISP: 中华电信, Date: None, Delay: 455 ms, Speed: 0.00 M/s, Resolution: None
Name: 靖天戏剧, URL: http://8.218.84.3:8885/live/NlAhgdR475_p9pHeKE1G1rILoVl18Qqe36jUsiWqY5S26LQzNA-82o0LSiNo13OGSGiDeEPqIEJVx3us26kmLFaDm0KCC0qIr1Xros8zGoEPNHaFzXQLAiFBlbr6qSvMN5Z7yzGqNwECOOaVoXxtgc_IdHKrPb4FGmjpSksjE4YiIB4zSSExvnI840FbChvM6nuX5fTEJvHNzPV2pAMh-QJEfasmpz5B3lviCX9MWMdXaAo8lT1pjXYD8bOrAEL1aJIrb60F_VojtF9C3btvEQ.m3u8?u=1757123819, From: subscribe, IPv_Type: ipv4, Location: 中国-香港, ISP: 阿里云, Date: None, Delay: 553 ms, Speed: 29.65 M/s, Resolution: 1920x1080
Name: 靖天戏剧, URL: http://8.218.84.3:8885/live/LxWcScuQ6WphaELY4DhkKm8SIv7_ZgNIJtNvFurqphvyqxUIU84OjKVCwFxMq9iUGoAizwDX2ugIXbPbDhCigJRk9nNZfdQ5KmzwPu3xjSrKySuRWBJbHZ5YtffC5wtAB3-LU-P5NWPcngnr2OYKkY23jMbpUosf4_-eMjznxUorn3o7F-Y3zUJLvl-9t-8Z7LYA9KWdbozjo399NVGOVLU5dQ5vn0pLYnv4AvRiG0jDPjUIiObB8NeiKWaMxMCKXQY10ybVhtO3sJhG3tneLg.m3u8?u=1756878715, From: subscribe, IPv_Type: ipv4, Location: 中国-香港, ISP: 阿里云, Date: None, Delay: 5414 ms, Speed: 3.17 M/s, Resolution: 1920x1080
Name: 靖天戏剧, URL: http://fbd48279.ott.oxtvs.com/ott/?q=9222549520c295e029ec6ff9d9f66695&id=5097, From: subscribe, IPv_Type: ipv4, Location: 美国-加利福尼亚州-洛杉矶, ISP: IT7网络, Date: None, Delay: 65 ms, Speed: 1.35 M/s, Resolution: 1280x720
Name: 靖天戏剧, URL: http://iptv.fr.to/test/Fmtv.php?id=jtxj, From: subscribe, IPv_Type: ipv4, Location: 加拿大-魁北克省-博阿努瓦－萨拉贝维, ISP: OVH数据中心, Date: None, Delay: 898 ms, Speed: 0.40 M/s, Resolution: 1920x1080
Name: 靖天戏剧, URL: http://pullpackage.alivecdn.com/live/6bd4d1388beb15da5c163b3e30c13c48.flv, From: subscribe, IPv_Type: ipv4, Location: 美国, ISP: 阿里云, Date: None, Delay: 251 ms, Speed: 0.00 M/s, Resolution: None
Name: 靖天戏剧, URL: http://pullpackage.alivecdn.com/live/pU4fD0cP0dx6iXknYRcEzuZOQ6P6z5FsZ9KvAOPGsBry6iYBSe.flv, From: subscribe, IPv_Type: ipv6, Location: 美国-加利福尼亚州-洛杉矶, ISP: Level3, Date: None, Delay: 278 ms, Speed: 0.00 M/s, Resolution: None
Name: 靖天戏剧, URL: http://breezy-audrie-zspace-7524863c.koyeb.app/vipsir?token=leifeng&id=4gtv-4gtv058, From: subscribe, IPv_Type: ipv6, Location: 美国, ISP: CloudFlare Inc., Date: None, Delay: 15 ms, Speed: 0.00 M/s, Resolution: None
Name: 靖天戏剧, URL: http://xtvantsc.xyz/litv_ts.php?id=4gtv-4gtv058, From: subscribe, IPv_Type: ipv4, Location: 美国, ISP: , Date: None, Delay: 278 ms, Speed: 0.00 M/s, Resolution: None
Name: 靖天戏剧, URL: https://tmxk.pp.ua/litv.php?token=tmxk&id=4gtv-4gtv058, From: subscribe, IPv_Type: ipv6, Location: 美国, ISP: Oracle Corporation, Date: None, Delay: 14 ms, Speed: 0.00 M/s, Resolution: None
Name: 靖天戏剧, URL: http://nmk.ioapk.com:5050/4gtv-4gtv058/index.m3u8?proxy=true, From: subscribe, IPv_Type: ipv4, Location: 中国-台湾, ISP: 中华电信, Date: None, Delay: 470 ms, Speed: 0.00 M/s, Resolution: None
Name: 靖天戏剧, URL: http://nmk.ioapk.com:5050/li-4gtv-4gtv058/index.m3u8?proxy=true, From: subscribe, IPv_Type: ipv4, Location: 中国-台湾, ISP: 中华电信, Date: None, Delay: 430 ms, Speed: 0.00 M/s, Resolution: None
Name: 靖天戏剧, URL: http://220.135.64.124:5050/4gtv-4gtv058/index.m3u8?proxy=true, From: subscribe, IPv_Type: ipv4, Location: 中国-台湾, ISP: 中华电信, Date: None, Delay: 446 ms, Speed: 0.00 M/s, Resolution: None
Name: 靖天戏剧, URL: http://220.135.64.124:5050/li-4gtv-4gtv058/index.m3u8?proxy=true, From: subscribe, IPv_Type: ipv4, Location: 中国-台湾, ISP: 中华电信, Date: None, Delay: 427 ms, Speed: 0.00 M/s, Resolution: None
Name: IPTV经典电影, URL: http://tnvcn.com:8012/rtp/239.3.1.195:9024, From: subscribe, IPv_Type: ipv4, Location: 中国-北京-北京, ISP: 联通, Date: None, Delay: 421 ms, Speed: 0.07 M/s, Resolution: None
Name: IPTV经典电影, URL: http://183.220.107.138:4022/rtp/239.10.0.122:5140, From: subscribe, IPv_Type: ipv4, Location: 中国-四川-成都, ISP: 移动, Date: None, Delay: 398 ms, Speed: 0.00 M/s, Resolution: 1920x1080
Name: 天映经典, URL: https://o11.163189.xyz/stream/live/ccm/, From: subscribe, IPv_Type: ipv6, Location: 美国, ISP: CloudFlare Inc., Date: None, Delay: 50 ms, Speed: 115.05 M/s, Resolution: 1920x1080
Name: 天映经典, URL: http://8.218.84.3:8885/live/NlAhgdR475_p9pHeKE1G1rILoVl18Qqe36jUsiWqY5S26LQzNA-82o0LSiNo13OGm2__qUOGzGCukQtY2ilR797mPHZ6g-lFKX1cV3sAx0FgHx9wBss75ZT3wNOXjvCiYPH52ADPm8Rw5jf70BxNxDab_QGuIB_j-MaHjF3cT68cpuQTcw3r3GJCrlglwUiwADTHKgffYzZgyuD_jAjXJKkqf4iPbRnMNwplTJ2ThhvcIuKkZK0T5ZV-HR8gNqGPKDppMpK6gitsfzcocB7zLQ.m3u8?u=1757123819, From: subscribe, IPv_Type: ipv4, Location: 中国-香港, ISP: 阿里云, Date: None, Delay: 150 ms, Speed: 20.78 M/s, Resolution: 1280x720
Name: 天映经典, URL: http://pull-vivek.speedws.com/live/aaatyjd.flv, From: subscribe, IPv_Type: ipv4, Location: 瑞典, ISP: , Date: None, Delay: 68 ms, Speed: 0.65 M/s, Resolution: 1920x1080
Name: 东森洋片, URL: http://iptv.fr.to/test/Fmtv.php?id=dsyp, From: subscribe, IPv_Type: ipv4, Location: 加拿大-魁北克省-博阿努瓦－萨拉贝维, ISP: OVH数据中心, Date: None, Delay: 95 ms, Speed: 0.20 M/s, Resolution: 1280x720
Name: 劲爆体育, URL: https://www.freetv.top/migu/796071336.m3u8?migutoken=1cc947d86cb584c31c31c88c005d55965238dbfff7ed75fca8451aed0b564786fde7e4b327e93b92dc96ef57e64e3bb56e8a9e921338080cdae817cb6125d8450b687659ecfee06be9c5d53ac6, From: subscribe, IPv_Type: ipv6, Location: 美国-加利福尼亚州-圣克拉拉, ISP: DigitalOcean, Date: None, Delay: 32 ms, Speed: 12.98 M/s, Resolution: 1920x1080
Name: 劲爆体育, URL: https://www.freetv.top/migu/796071336.m3u8?migutoken=05144ee4526abc2f6a8d44a41f9e078ef10c1a9f8930d51d7f453315d3577b613eac76898b1e0965789f7010cd3f8a1bca3167ef6e625cb77fc2c575eec35c8d07aaff61dc4b79f75fc67ef667, From: subscribe, IPv_Type: ipv6, Location: 美国-加利福尼亚州-圣克拉拉, ISP: DigitalOcean, Date: None, Delay: 32 ms, Speed: 12.80 M/s, Resolution: 1920x1080
Name: 爱体育, URL: rtsp://180.95.143.19/PLTV/88888910/224/3221225508/10000100000000060000000000107288_0.smil, From: subscribe, IPv_Type: ipv4, Location: 中国-甘肃-金昌, ISP: 联通, Date: None, Delay: 10005 ms, Speed: 0.00 M/s, Resolution: None
Name: 爱体育, URL: rtsp://116.176.26.18/PLTV/88888910/224/3221225508/10000100000000060000000000107288_0.smil, From: subscribe, IPv_Type: ipv4, Location: 中国-甘肃, ISP: 联通, Date: None, Delay: 10005 ms, Speed: 0.00 M/s, Resolution: None
Name: 爱体育, URL: rtsp://118.212.169.207:554/PLTV/88888888/224/3221227315/10000100000000060000000001946406_0.smil, From: subscribe, IPv_Type: ipv4, Location: 中国-江西, ISP: 联通, Date: None, Delay: 10006 ms, Speed: 0.00 M/s, Resolution: None
Name: 爱体育, URL: rtsp://60.13.39.19/PLTV/88888910/224/3221225508/10000100000000060000000000107288_0.smil, From: subscribe, IPv_Type: ipv4, Location: 中国-甘肃-天水, ISP: 联通, Date: None, Delay: 10007 ms, Speed: 0.00 M/s, Resolution: None
Name: 爱体育, URL: rtsp://60.13.23.179/PLTV/88888910/224/3221225508/10000100000000060000000000107288_0.smil, From: subscribe, IPv_Type: ipv4, Location: 中国-甘肃-兰州, ISP: 联通, Date: None, Delay: 10007 ms, Speed: 0.00 M/s, Resolution: None
Name: 爱体育, URL: rtsp://221.7.61.147/PLTV/88888910/224/3221225508/10000100000000060000000000107288_0.smil, From: subscribe, IPv_Type: ipv4, Location: 中国-甘肃-白银, ISP: 联通, Date: None, Delay: 10006 ms, Speed: 0.00 M/s, Resolution: None
Name: 爱体育, URL: rtsp://116.176.26.19/PLTV/88888910/224/3221225508/10000100000000060000000000107288_0.smil, From: subscribe, IPv_Type: ipv4, Location: 中国-甘肃, ISP: 联通, Date: None, Delay: 10007 ms, Speed: 0.00 M/s, Resolution: None
Name: 爱体育, URL: rtsp://60.13.39.18/PLTV/88888910/224/3221225508/10000100000000060000000000107288_0.smil, From: subscribe, IPv_Type: ipv4, Location: 中国-甘肃-天水, ISP: 联通, Date: None, Delay: 10005 ms, Speed: 0.00 M/s, Resolution: None
Name: 爱体育, URL: rtsp://115.153.245.70/PLTV/88888888/224/3221227012/86440946.smil, From: subscribe, IPv_Type: ipv4, Location: 中国-江西-宜春, ISP: 电信, Date: None, Delay: 10006 ms, Speed: 0.00 M/s, Resolution: None
Name: 爱体育, URL: rtsp://115.153.254.81/PLTV/88888888/224/3221227044/86502115.smil, From: subscribe, IPv_Type: ipv4, Location: 中国-江西-宜春, ISP: 电信, Date: None, Delay: 10005 ms, Speed: 0.00 M/s, Resolution: None
Name: 爱体育, URL: rtsp://115.153.240.228:554/PLTV/88888888/224/3221227044/86502115.smil, From: subscribe, IPv_Type: ipv4, Location: 中国-江西-宜春, ISP: 电信, Date: None, Delay: 10005 ms, Speed: 0.00 M/s, Resolution: None
Name: 爱体育, URL: rtsp://115.153.212.72/PLTV/88888888/224/3221227044/86502115.smil, From: subscribe, IPv_Type: ipv4, Location: 中国-江西-宜春, ISP: 电信, Date: None, Delay: 10006 ms, Speed: 0.00 M/s, Resolution: None
Name: 爱体育, URL: rtsp://115.153.247.80/PLTV/88888888/224/3221227012/86440946.smil, From: subscribe, IPv_Type: ipv4, Location: 中国-江西-宜春, ISP: 电信, Date: None, Delay: 10007 ms, Speed: 0.00 M/s, Resolution: None
Name: 爱体育, URL: rtsp://115.153.230.145/PLTV/88888888/224/3221227012/86440946.smil, From: subscribe, IPv_Type: ipv4, Location: 中国-江西-宜春, ISP: 电信, Date: None, Delay: 10008 ms, Speed: 0.00 M/s, Resolution: None
Name: 爱体育, URL: rtsp://115.153.222.112:554/PLTV/88888888/224/3221227012/86440946.smil, From: subscribe, IPv_Type: ipv4, Location: 中国-江西-宜春, ISP: 电信, Date: None, Delay: 10010 ms, Speed: 0.00 M/s, Resolution: None
Name: 爱体育, URL: rtsp://115.153.233.154/PLTV/88888888/224/3221227012/86440946.smil, From: subscribe, IPv_Type: ipv4, Location: 中国-江西-宜春, ISP: 电信, Date: None, Delay: 10011 ms, Speed: 0.00 M/s, Resolution: None
Name: 爱体育, URL: rtsp://112.245.125.39:1554/iptv/import/Tvod/iptv/001/001/ch11060317323358720349.rsc/69939_Uni.sdp, From: subscribe, IPv_Type: ipv4, Location: 中国-山东-泰安, ISP: 联通, Date: None, Delay: 10006 ms, Speed: 0.00 M/s, Resolution: None
Name: 爱体育, URL: rtsp://183.59.156.166/PLTV/88888905/224/3221227073/10000100000000060000000000698847_0.smil?rrsip=125.88.104.40, From: subscribe, IPv_Type: ipv4, Location: 中国-广东-广州, ISP: 电信, Date: None, Delay: 10006 ms, Speed: 0.00 M/s, Resolution: None
Name: 爱体育, URL: rtsp://112.245.125.47:1554/iptv/import/Tvod/iptv/001/001/ch17120418224162657206.rsc/74292_Uni.sdp, From: subscribe, IPv_Type: ipv4, Location: 中国-山东-泰安, ISP: 联通, Date: None, Delay: 10006 ms, Speed: 0.00 M/s, Resolution: None
Name: 爱体育, URL: rtsp://183.59.156.166/PLTV/88888905/224/3221227991/10000100000000060000000006877797_0.smil?rrsip=125.88.104.40, From: subscribe, IPv_Type: ipv4, Location: 中国-广东-广州, ISP: 电信, Date: None, Delay: 10008 ms, Speed: 0.00 M/s, Resolution: None
Name: 超级体育, URL: http://111.43.126.240:9003/hls/86/index.m3u8, From: subscribe, IPv_Type: ipv4, Location: 中国-黑龙江, ISP: 移动, Date: None, Delay: 190 ms, Speed: 0.00 M/s, Resolution: 1920x1080
Name: 精品体育, URL: https://epg.pw/stream/94ed0232b61ce8d89883160a4cdfbfc8f3225cae70ef8e17d93eec249a3c8ad6.m3u8, From: subscribe, IPv_Type: ipv6, Location: 美国, ISP: CloudFlare Inc., Date: None, Delay: 1288 ms, Speed: 0.50 M/s, Resolution: 1920x1080
Name: 精品体育, URL: https://epg.pw/stream/866a097a0907c9832440f8df38272dd555abf05200dfbafcc137e214c9b30ca7.m3u8, From: subscribe, IPv_Type: ipv6, Location: 美国, ISP: CloudFlare Inc., Date: None, Delay: 1283 ms, Speed: 0.50 M/s, Resolution: 1920x1080
Name: 精品体育, URL: https://epg.pw/stream/f7556eccd4ae06b0c2991fdc7a4f8388496559f728cc82459a8e50346040e226.m3u8, From: subscribe, IPv_Type: ipv6, Location: 美国, ISP: CloudFlare Inc., Date: None, Delay: 1297 ms, Speed: 0.50 M/s, Resolution: 1920x1080
Name: 辽宁体育, URL: http://120.76.248.139/live/bfgd/4200000611.m3u8, From: subscribe, IPv_Type: ipv4, Location: 中国-浙江-杭州, ISP: 阿里云BGP数据中心, Date: None, Delay: 10121 ms, Speed: 0.00 M/s, Resolution: 1920x1080
Name: 天津体育, URL: http://38.75.136.137:98/gslb/dsdqpub/tjtv5.m3u8?auth=testpub, From: subscribe, IPv_Type: ipv4, Location: 美国-伊利诺伊州-库克, ISP: Cogent, Date: None, Delay: 10798 ms, Speed: 0.06 M/s, Resolution: 1280x720
Name: 天津体育, URL: http://ak.cj022.com:10080/hls/6/index.m3u8, From: subscribe, IPv_Type: ipv4, Location: 中国-天津-天津, ISP: 联通, Date: None, Delay: 10120 ms, Speed: 0.03 M/s, Resolution: 1920x1080
Name: 天津体育, URL: http://sun135790.x3322.net:9901/tsfile/live/16006_1.m3u8?key=txiptv&playlive=1&authid=0, From: subscribe, IPv_Type: ipv4, Location: 中国-天津-天津, ISP: 联通, Date: None, Delay: 10049 ms, Speed: 0.03 M/s, Resolution: 1920x1080
Name: 睛彩篮球, URL: http://drive.mxmy.net:8888/udp/239.3.1.126:8001, From: subscribe, IPv_Type: ipv4, Location: 中国-北京-北京, ISP: 联通, Date: None, Delay: 396 ms, Speed: 0.92 M/s, Resolution: 1920x1080
Name: 睛彩广场舞, URL: https://iptv.catvod.com/live.php?id=%E7%9D%9B%E5%BD%A9%E5%B9%BF%E5%9C%BA%E8%88%9E, From: subscribe, IPv_Type: ipv6, Location: 美国, ISP: CloudFlare Inc., Date: None, Delay: 26 ms, Speed: 45.58 M/s, Resolution: 1920x1080
Name: 快乐垂钓, URL: https://iptv.catvod.com/live.php?id=%E5%BF%AB%E4%B9%90%E5%9E%82%E9%92%93, From: subscribe, IPv_Type: ipv4, Location: 美国-加利福尼亚州-洛杉矶, ISP: IT7网络, Date: None, Delay: 31 ms, Speed: 41.09 M/s, Resolution: 1920x1080
Name: 快乐垂钓, URL: https://iptv.catvod.com/live.php?id=%E5%BF%AB%E4%B9%90%E5%9E%82%E9%92%93&line=1, From: subscribe, IPv_Type: ipv4, Location: 美国-加利福尼亚州-洛杉矶, ISP: IT7网络, Date: None, Delay: 29 ms, Speed: 39.74 M/s, Resolution: 1920x1080
Name: 快乐垂钓, URL: http://drive.mxmy.net:8888/udp/239.3.1.164:8001, From: subscribe, IPv_Type: ipv4, Location: 中国-北京-北京, ISP: 联通, Date: None, Delay: 432 ms, Speed: 0.18 M/s, Resolution: 1920x1080
Name: 新动漫, URL: https://iptv.catvod.com/live.php?id=%E6%96%B0%E5%8A%A8%E6%BC%AB, From: subscribe, IPv_Type: ipv4, Location: 美国-加利福尼亚州-洛杉矶, ISP: IT7网络, Date: None, Delay: 28 ms, Speed: 37.46 M/s, Resolution: 1920x1080
Name: 新动漫, URL: https://iptv.catvod.com/live.php?id=%E6%96%B0%E5%8A%A8%E6%BC%AB&line=1, From: subscribe, IPv_Type: ipv4, Location: 美国-加利福尼亚州-洛杉矶, ISP: IT7网络, Date: None, Delay: 99 ms, Speed: 21.73 M/s, Resolution: 1920x1080
Name: 黑莓动画, URL: http://111.43.126.240:9003/hls/100/index.m3u8, From: subscribe, IPv_Type: ipv4, Location: 中国-黑龙江, ISP: 移动, Date: None, Delay: 199 ms, Speed: 0.00 M/s, Resolution: 1920x1080
Name: 24H国漫热播, URL: https://lunbo.freetv.top/yy/1353937086, From: subscribe, IPv_Type: ipv4, Location: 美国-北卡罗来纳州-梅克伦堡, ISP: CaroNet公司, Date: None, Delay: 37 ms, Speed: 12.23 M/s, Resolution: 1920x1080
Name: 河北少儿科教, URL: http://php.fjl626.cn/hebei.php?id=sekj, From: subscribe, IPv_Type: ipv4, Location: 中国-香港, ISP: Cloudie_Limited, Date: None, Delay: 320 ms, Speed: 0.02 M/s, Resolution: None
Name: 火影忍者, URL: https://hd.ijycnd.com/play/Yer3NWLa/index.m3u8, From: subscribe, IPv_Type: ipv4, Location: 中国-湖南-长沙, ISP: 湖南有线电视网络(集团)股份有限公司广东联通节点, Date: None, Delay: 300 ms, Speed: 5.68 M/s, Resolution: 1920x1032
Name: 中华小当家, URL: https://live.ottiptv.cc/huya/11342413, From: subscribe, IPv_Type: ipv6, Location: 美国, ISP: Oracle Corporation, Date: None, Delay: 1566 ms, Speed: 0.19 M/s, Resolution: 640x432
Name: 中华小当家, URL: http://61.221.215.25:8800/hls/40/index.m3u8, From: subscribe, IPv_Type: ipv4, Location: 中国-台湾, ISP: 中华电信, Date: None, Delay: 284 ms, Speed: 0.00 M/s, Resolution: None
Name: 猫和老鼠, URL: https://live.metshop.top/huya/11352879, From: subscribe, IPv_Type: ipv6, Location: 美国, ISP: CloudFlare Inc., Date: None, Delay: 498 ms, Speed: 0.20 M/s, Resolution: 640x464
Name: 猫和老鼠, URL: https://live.ottiptv.cc/huya/11352879, From: subscribe, IPv_Type: ipv6, Location: 美国, ISP: Oracle Corporation, Date: None, Delay: 778 ms, Speed: 0.19 M/s, Resolution: 544x400
Name: 经典动漫, URL: https://lunbo.freetv.top/yy/24180320, From: subscribe, IPv_Type: ipv4, Location: 美国-北卡罗来纳州-梅克伦堡, ISP: CaroNet公司, Date: None, Delay: 19 ms, Speed: 25.41 M/s, Resolution: 1920x1080
Name: 经典动漫, URL: https://www.goodiptv.club/yy/22777075, From: subscribe, IPv_Type: ipv6, Location: 美国, ISP: CloudFlare Inc., Date: None, Delay: 25 ms, Speed: 21.46 M/s, Resolution: 1920x1080
Name: 漫画解说, URL: https://www.goodiptv.club/douyu/5907076, From: subscribe, IPv_Type: ipv6, Location: 美国, ISP: CloudFlare Inc., Date: None, Delay: 2001 ms, Speed: 0.14 M/s, Resolution: 1920x1080
Name: 音乐现场, URL: http://satellitepull.cnr.cn/live/wx32nmgyygb/playlist.m3u8, From: subscribe, IPv_Type: ipv4, Location: 美国-加利福尼亚州-洛杉矶, ISP: 网宿科技CDN节点, Date: None, Delay: 58 ms, Speed: 1.59 M/s, Resolution: None
Name: 音乐现场, URL: https://satellitepull.cnr.cn/live/wx32nmgyygb/playlist.m3u8, From: subscribe, IPv_Type: ipv4, Location: 美国-加利福尼亚州-洛杉矶, ISP: 网宿科技CDN节点, Date: None, Delay: 79 ms, Speed: 1.42 M/s, Resolution: None
Name: 音乐之声, URL: http://a.live.hnradio.com/yypd/radio120k_yypd.m3u8?auth_key=1588751172-0-0-d97b858279c1c86650172b9913ea4af2, From: subscribe, IPv_Type: ipv4, Location: 中国-上海-上海, ISP: 电信, Date: None, Delay: 940 ms, Speed: 0.17 M/s, Resolution: None
Name: 潮流音乐, URL: http://play-radio-stream3.hndt.com/now/Or5au0KN/playlist.m3u8, From: subscribe, IPv_Type: ipv4, Location: 美国-伊利诺伊州-库克, ISP: 网宿CDN节点, Date: None, Delay: 893 ms, Speed: 0.69 M/s, Resolution: None
Name: 笑傲江湖, URL: https://lunbo.freetv.top/yy/1352833750, From: subscribe, IPv_Type: ipv4, Location: 美国-北卡罗来纳州-梅克伦堡, ISP: CaroNet公司, Date: None, Delay: 19 ms, Speed: 24.00 M/s, Resolution: 1920x1080
Name: 天龙八部, URL: https://lunbo.freetv.top/yy/1382736855, From: subscribe, IPv_Type: ipv4, Location: 美国-北卡罗来纳州-梅克伦堡, ISP: CaroNet公司, Date: None, Delay: 21 ms, Speed: 22.66 M/s, Resolution: 1920x1080
Name: 鹿鼎记, URL: https://lunbo.freetv.top/yy/1354658049, From: subscribe, IPv_Type: ipv4, Location: 美国-北卡罗来纳州-梅克伦堡, ISP: CaroNet公司, Date: None, Delay: 34 ms, Speed: 19.61 M/s, Resolution: 1920x1080
Name: 仙剑奇侠传, URL: https://lunbo.freetv.top/yy/1382749903, From: subscribe, IPv_Type: ipv4, Location: 美国-北卡罗来纳州-梅克伦堡, ISP: CaroNet公司, Date: None, Delay: 19 ms, Speed: 25.32 M/s, Resolution: 1920x1080
Name: 西游记, URL: https://txmov2.a.kwimgs.com/bs3/video-hls/5222486782687309806_hlsb.m3u8, From: subscribe, IPv_Type: ipv4, Location: 美国-乔治亚州-富尔顿, ISP: 腾讯云, Date: None, Delay: 568 ms, Speed: 3.01 M/s, Resolution: 704x540
Name: 西游记, URL: https://txmov2.a.kwimgs.com/bs3/video-hls/5239093806671579134_hlsb.m3u8, From: subscribe, IPv_Type: ipv4, Location: 美国-加利福尼亚州-圣克拉拉, ISP: 腾讯云, Date: None, Delay: 700 ms, Speed: 2.41 M/s, Resolution: 704x534
Name: 三国演义, URL: https://lunbo.freetv.top/yy/1354930932, From: subscribe, IPv_Type: ipv4, Location: 美国-北卡罗来纳州-梅克伦堡, ISP: CaroNet公司, Date: None, Delay: 38 ms, Speed: 16.87 M/s, Resolution: 1920x1080
Name: 三国演义, URL: http://lunbo.freetv.top/yy/1354930932, From: subscribe, IPv_Type: ipv4, Location: 美国-北卡罗来纳州-梅克伦堡, ISP: CaroNet公司, Date: None, Delay: 30 ms, Speed: 16.02 M/s, Resolution: 1920x1080
Name: 水浒传, URL: https://lunbo.freetv.top/yy/1353215589, From: subscribe, IPv_Type: ipv4, Location: 美国-北卡罗来纳州-梅克伦堡, ISP: CaroNet公司, Date: None, Delay: 24 ms, Speed: 22.33 M/s, Resolution: 1280x720
Name: 新白娘子传奇, URL: https://lunbo.freetv.top/yy/1354490667, From: subscribe, IPv_Type: ipv4, Location: 美国-北卡罗来纳州-梅克伦堡, ISP: CaroNet公司, Date: None, Delay: 19 ms, Speed: 22.88 M/s, Resolution: 1920x1080
Name: 济公游记, URL: https://lunbo.freetv.top/yy/1355265814, From: subscribe, IPv_Type: ipv4, Location: 美国-北卡罗来纳州-梅克伦堡, ISP: CaroNet公司, Date: None, Delay: 19 ms, Speed: 22.12 M/s, Resolution: 1920x1080
Name: 封神榜, URL: https://lunbo.freetv.top/yy/1382797534, From: subscribe, IPv_Type: ipv4, Location: 美国-北卡罗来纳州-梅克伦堡, ISP: CaroNet公司, Date: None, Delay: 30 ms, Speed: 18.47 M/s, Resolution: 1920x1080
Name: 封神榜, URL: https://live.metshop.top/huya/29465849, From: subscribe, IPv_Type: ipv6, Location: 美国, ISP: CloudFlare Inc., Date: None, Delay: 520 ms, Speed: 0.77 M/s, Resolution: 1920x1080
Name: 封神榜, URL: http://live.ottiptv.cc/huya/29465849, From: subscribe, IPv_Type: ipv6, Location: 美国, ISP: Oracle Corporation, Date: None, Delay: 600 ms, Speed: 0.77 M/s, Resolution: 1920x1080
Name: 上海滩, URL: https://lunbo.freetv.top/yy/1382745184, From: subscribe, IPv_Type: ipv4, Location: 美国-北卡罗来纳州-梅克伦堡, ISP: CaroNet公司, Date: None, Delay: 20 ms, Speed: 23.92 M/s, Resolution: 1920x1080
